成語,常用
一丁不識,false
一丘之貉,false
一了百了,false
一事未成,false
一事無成,false
一五一十,false
一介不取,false
一介不苟,false
一傅眾咻,false
一刀兩斷,false
一刀兩段,false
一刀見血,false
一刻千金,false
一劍兩段,false
一勞久逸,false
一勞永逸,false
一十一五,false
一口同聲,false
一口同音,false
一口道破,false
一呼再諾,false
一呼百喏,false
一呼百諾,false
一團和氣,false
一堂和氣,false
一場春夢,false
一塵不到,false
一塵不受,false
一塵不染,false
一塵不涉,false
一夢南柯,false
一孔之見,false
一字千金,false
一字百金,false
一帆順風,false
一帆風順,true
一律千篇,false
一心一意,false
一心一計,false
一念之差,false
一念之誤,false
一念之錯,false
一念差池,false
一息僅存,false
一息奄奄,false
一息尚在,false
一息尚存,false
一息猶存,false
一息萬變,false
一意孤行,false
一成不易,false
一成不變,false
一手遮天,false
一手障天,false
一揮千金,false
一揮而就,false
一揮而成,false
一擲千金,false
一敗塗地,false
一文不值,false
一新耳目,false
一日三秋,false
一日千里,false
一暴十寒,false
一曝十寒,false
一朝一夕,false
一木難扶,false
一木難支,false
一板一眼,false
一板三眼,false
一枕南柯,false
一枕槐安,false
一枕黃粱,false
一步一趨,false
一毛不拔,true
一毫不拔,false
一毫不苟,false
一氣呵成,false
一決雌雄,false
一波三折,false
一瀉千里,false
一無事事,false
一無忌憚,false
一無所有,false
一無所知,false
一現曇花,false
一盤散沙,false
一目了然,false
一目五行,false
一目十行,true
一目即了,false
一目數行,false
一目瞭然,false
一矢雙穿,false
一知半解,true
一竅不通,true
一笑置之,false
一筆三過,false
一箭雙雕,false
一箭雙鵰,false
一簞一瓢,false
一簣而虧,false
一籌不吐,false
一籌不畫,false
一籌莫展,false
一絲不苟,false
一網打盡,false
一網無遺,false
一縷千鈞,false
一舉兩便,false
一舉兩全,false
一舉兩利,false
一舉兩得,true
一落千丈,false
一葉知秋,false
一衣帶水,false
一見如故,false
一視之仁,false
一視同仁,false
一覽了然,false
一觸即發,false
一言九鼎,false
一言難盡,false
一言難罄,false
一語九鼎,false
一語道破,false
一諾千金,false
一貌傾城,false
一貧似水,false
一貧如洗,true
一趨一步,false
一跌不振,false
一蹶不振,false
一針見血,true
一錢不值,false
一錢不直,false
一長二短,false
一長兩短,false
一長半短,false
一開生面,false
一隅三反,false
一隙不通,false
一隙之見,false
一面如舊,false
一顧傾人,false
一顧傾城,false
一髮千鈞,false
一鳴驚人,false
一鼓作氣,false
一齊眾咻,false
一齊眾楚,false
七上八下,false
七上八落,false
七嘴八張,false
七嘴八舌,false
七孔生煙,false
七張八嘴,false
七手八腳,false
七竅煙生,false
七竅煙騰,false
七竅生煙,true
七行俱下,false
七零八落,false
三人市虎,false
三人成虎,true
三令五申,false
三千世界,false
三夫成虎,false
三姑六婆,false
三寸之舌,false
三從四德,false
三思而行,true
三教九流,false
三春寸草,false
三申五令,false
三盲摸象,false
三眼一板,false
三秋一日,false
三窟狡兔,false
三絕韋編,false
三緘其口,false
三言五語,false
三言兩句,false
三言兩語,false
三謁茅廬,false
三長兩短,false
三長四短,false
三面開網,false
三頭八臂,false
三頭六臂,false
三顧茅廬,true
三顧草廬,false
上下其手,false
上為下效,false
上行下效,false
下井投石,false
下筆成章,false
下筆成篇,false
下筆成詠,false
下里巴人,true
不三不四,false
不中抬舉,false
不事邊幅,false
不二法門,false
不修邊幅,false
不倫不類,false
不值一文,false
不值一錢,false
不值半文,false
不假思慮,false
不假思索,false
不假思量,false
不入時宜,false
不共之仇,false
不共天地,false
不共戴天,false
不加可否,false
不加思索,false
不動聲氣,false
不動聲色,false
不勝枚舉,false
不即不離,false
不取一芥,false
不受抬舉,false
不可一世,false
不可思議,true
不可擢髮,false
不可救療,false
不可救藥,false
不可枚舉,false
不合時宜,false
不同凡流,false
不同凡調,false
不同凡響,false
不同天地,false
不同日月,false
不咎既往,false
不墮箕裘,false
不妄言笑,false
不學亡術,false
不學無文,false
不學無術,false
不學無識,false
不寒而冽,false
不寒而慄,false
不寒而栗,false
不屈不撓,false
不屑一世,false
不展愁眉,false
不待思索,false
不得要領,false
不忍戴天,false
不念舊惡,false
不恥下問,false
不息自強,false
不慚大言,false
不成一事,false
不時之需,false
不時之須,false
不暇思索,false
不暇應接,false
不暇暖席,false
不期而會,false
不期而遇,true
不染一塵,false
不毛之地,false
不求甚解,true
不為凡響,false
不犯秋毫,false
不留餘力,false
不疾而呻,false
不病而呻,false
不發聲色,false
不直一文,false
不直一錢,false
不知所云,false
不知所從,false
不知所措,false
不約而合,false
不約而同,true
不置可否,false
不翼而飛,false
不肯一世,false
不能為力,false
不脛而走,false
不脛而馳,false
不脩邊幅,false
不苟言笑,false
不著邊際,false
不見書傳,false
不見經傳,false
不言而喻,false
不言而明,false
不謀同辭,false
不謀而合,true
不謀而同,false
不識一丁,false
不識之無,false
不識抬舉,false
不識時務,false
不識時變,false
不足掛齒,false
不辨菽粟,false
不辨菽麥,false
不辯菽麥,false
不通一竅,false
不速之客,false
不達時務,false
不遺寸草,false
不遺餘力,false
不阿不撓,false
不飾邊幅,false
世俗炎涼,false
世外桃源,true
世態炎涼,false
丟盔卸甲,false
並作威福,false
並力同心,false
並駕齊驅,false
並驅齊駕,false
中乾外強,false
中庸之道,false
中流底柱,false
中流擊枻,false
中流擊楫,false
中流砥柱,false
丹心耿耿,false
乘其不意,false
乘危下石,false
乘風破浪,true
乘龍之客,false
乘龍佳壻,false
乘龍女壻,false
乘龍快婿,false
九仞一簣,false
九層雲外,false
九死一生,true
九死餘生,false
九泉之下,false
九流三教,false
九牛一毛,false
九霄雲外,false
九霄雲路,false
九鼎一言,false
乞憐搖尾,false
乳腥未退,false
乳臭未乾,false
乳臭未除,false
乾澤而漁,false
亂作胡為,false
亂作蕭牆,false
亂墜天花,false
亂想胡思,false
亂首垢面,false
了無所有,false
予取予求,false
予奪生殺,false
事不兩立,false
事事無成,false
事半功倍,true
事半功百,false
事在人為,false
事與心違,false
事與志違,false
事與願違,false
事過境遷,false
事過情遷,false
五世其昌,false
五令三申,false
五光十色,true
五十笑百,false
五日京兆,false
五日尹京,false
五花八門,true
五行並下,false
五行俱下,false
五裂四分,false
五體投地,false
井井不亂,false
井井有方,false
井井有條,true
井井有理,false
井底之蛙,true
井底蝦蟆,false
井然不紊,false
井然有序,false
井蛙之見,false
亡命之徒,false
亡羊補牢,true
交臂失之,false
交融水乳,false
交頭接耳,false
亥豕帝虎,false
亥豕魚魯,false
亥豕魯魚,false
亦步亦趨,false
享帚自珍,false
京師紙貴,false
亭亭獨立,false
亭亭玉立,true
亭亭而立,false
亮節高風,false
人不聊生,false
人云亦云,false
人去樓空,false
人定勝天,false
人山人海,true
人強勝天,false
人心不古,false
人望所歸,false
人浮於事,false
人浮於食,false
人海人山,false
人眾勝天,false
人聲鼎沸,false
人言可畏,false
人面桃花,false
人面獸心,false
仁智之見,false
仁至義盡,false
他無長物,false
付之一哂,false
付之一炬,false
付之一笑,false
付之度外,false
付之罔聞,false
付與一炬,false
付與一笑,false
付諸一炬,false
代庖越俎,false
代李僵桃,false
代越庖俎,false
令人深省,false
令色巧言,false
以佚待勞,false
以卵投石,false
以卵擊石,false
以咽廢飧,false
以夜繼日,false
以容取人,false
以德報怨,false
以日繼夜,false
以桃代李,false
以毒攻毒,false
以沫相濡,false
以漆投膠,false
以管窺天,false
以膠投漆,false
以蠡測海,false
以訛傳訛,false
以貌取人,false
以身作則,false
以身試法,false
以身試禍,false
以身試險,false
以逸制勞,false
以逸待勞,false
以逸擊勞,false
以鄰為壑,false
仰人鼻息,false
仰承鼻息,false
任勞任怨,false
任重致遠,false
任重道遠,false
伐異黨同,false
伐罪弔人,false
伐罪弔民,false
休慼是同,false
休戚共之,false
休戚相關,false
休戚與共,false
伯仲之間,false
伶仃孤苦,false
伸眉吐氣,false
似之而非,false
似是而非,false
似漆如膠,false
似玉如花,false
似虎如狼,false
低心下氣,false
低聲下氣,false
低頭喪氣,false
何足掛齒,false
作壁上觀,false
作奸犯科,false
作姦犯科,false
作威作福,false
作模作樣,false
作法自弊,false
作法自斃,false
作福作威,false
作繭自縛,false
佳兵黷武,false
佳境漸入,false
併力同心,false
侃侃正論,false
侃侃直談,false
侃侃而談,false
來日方長,false
來日正長,false
來龍去脈,false
來龍結脈,false
侈功好大,false
依人籬下,false
依人藩籬,false
依本葫蘆,false
依樣葫蘆,false
依然故吾,false
依然故我,false
侮文弄法,false
侮由自取,false
便便之腹,false
係風捕影,false
係風捕景,false
保殘守缺,false
保殘守闕,false
信不由中,false
信不由衷,false
信口開合,false
信口開喝,false
信口開河,false
信口雌黃,false
信手拈來,false
信手拈出,false
信手拈得,false
信誓旦旦,false
修文偃武,false
俱傷兩敗,false
倒屐相迎,false
倒屣相迎,false
倒屣而迎,false
倒屣迎之,false
倒屣迎賓,false
倒海排山,false
倒行逆施,false
倚老賣老,false
倚馬之才,false
倚馬可待,false
倚馬成文,false
倚馬才高,false
倚馬立成,false
倚馬雄才,false
借公濟私,false
借刀殺人,false
借劍殺人,false
借水推船,false
借花獻佛,false
借題發揮,false
偃旗息鼓,false
偃旗臥鼓,false
偃武修文,false
偃武興文,false
偃武行文,false
假人鼻息,false
假公濟私,false
假公營私,false
假虎張威,false
偕老百年,false
偷世竊名,false
偷天換日,false
偽張聲勢,false
傅會牽合,false
傅會穿鑿,false
傅粉登場,false
傍人籬落,false
傍人門戶,false
傍若無人,false
傍觀縮手,false
傷天害理,false
傷弓之鳥,false
傷矢之禽,false
傾國傾城,true
傾城傾國,false
僂指可數,false
僅識之無,false
僅辨菽麥,false
僕僕風塵,false
僵李代桃,false
價值連城,true
價抵連城,false
價比連城,false
價等連城,false
價重連城,false
優柔寡斷,true
優游不斷,false
優游少斷,false
儲精蓄銳,false
元方季方,false
兄弟鬩牆,false
充棟折軸,false
充棟汗牛,false
充耳不聞,true
充飢畫餅,false
先發制人,false
先知之明,false
先聲奪人,false
先見之明,false
光天化日,false
光怪陸離,false
光明磊落,true
光風霽月,false
克儉克勤,false
克勤克儉,false
克紹箕裘,false
兔死狐悲,false
兔死狗烹,false
兢兢業業,false
兢兢翼翼,false
入不支出,false
入不敷出,false
入夢生花,false
入室升堂,false
入室操戈,false
入木三分,false
入死出生,false
入石三分,false
內荏外剛,false
全無忌憚,false
全軍覆沒,false
兩全其美,false
兩小無嫌,false
兩小無猜,true
兩得益彰,false
兩敗俱傷,true
兩短三長,false
兩端首鼠,false
兩袖清風,true
兩面三刀,true
八兩半斤,false
八拜之交,false
八拜定交,false
八拜至交,false
八斗之才,false
八窗玲瓏,false
八達四通,false
八門五花,false
八面玲瓏,false
公平無私,false
公正無私,false
六神無主,false
兵不厭權,false
兵不厭詐,false
兵不血刃,false
兵厲馬秣,false
兵慌馬亂,false
兵火連天,false
兵無血刃,false
兵荒馬亂,false
兵連眾結,false
兵連禍結,false
再接再厲,false
再接再礪,false
再見天日,false
冠冕堂皇,false
冠前絕後,false
冠絕前後,false
冤家路狹,false
冤家路窄,false
冤禽銜石,false
冥頑不靈,true
冰散瓦解,false
冰消瓦解,false
冰清玉潔,false
冰清玉粹,false
冰潔淵清,false
冰潔玉清,false
冰雪聰明,false
冷嘲熱諷,false
冷嘲熱謔,false
冷嘲閑諷,false
冷眼傍觀,false
冷眼旁觀,false
冷言冷語,true
冷言熱語,false
冷言諷語,false
冷言酸語,false
冷譏熱諷,false
凌雲壯志,false
凌雲意氣,false
凜凜威風,false
凜然起敬,false
出乎反乎,false
出乎意外,false
出人意外,false
出人意料,false
出人意表,false
出人頭地,false
出其不意,false
出口成章,true
出奇制勝,false
出奇取勝,false
出奇致勝,false
出於一轍,false
出於意外,false
出於意表,false
出於料外,false
出死入生,false
出水芙蓉,false
出爾反爾,false
出生入死,false
出神入化,false
出神入妙,false
出群拔萃,false
出言不遜,false
出言成章,false
出言有章,false
出言無狀,false
出類拔群,false
出類拔萃,true
出類超群,false
出鬼入神,false
刃有餘地,false
刃迎縷解,false
分崩蕩析,false
分崩離析,false
分庭伉禮,false
分庭抗禮,false
分廷抗禮,false
分文不直,false
分毫不直,false
分路揚鑣,false
分道揚鑣,true
切切私語,false
切切細語,false
切瑳琢磨,false
切磋琢磨,false
切膚之痛,false
切骨銘心,false
切齒咬牙,false
刈草除根,false
刊陳出新,false
刎頸之交,true
刎頸至交,false
刖趾適屨,false
列鼎撞鍾,false
列鼎鳴鐘,false
初出茅廬,false
初發芙蓉,false
別出心裁,true
別出新裁,false
別出機杼,false
別啟生面,false
別有千秋,false
別有天地,false
別無長物,false
別開生面,false
利令智昏,false
利以昏智,false
利名韁鎖,false
利己損人,false
利鎖名牽,false
利鎖名韁,false
利鞅名韁,false
利韁名鎖,false
刮目相待,false
刮目相看,true
刮目相觀,false
刮目視之,false
刻舟求劍,true
刻船求劍,false
刻足適屨,false
刻骨銘心,false
刻骨銘肌,false
刻骨鏤心,false
削足適履,false
前事之師,false
前倨後卑,false
前倨後恭,false
前功併棄,false
前功必棄,false
前功皆棄,false
前功盡廢,false
前功盡棄,true
前功盡滅,false
前勞盡棄,false
前瞻後慮,false
剖肝瀝膽,false
剖腹藏寶,false
剖腹藏珠,false
剛愎自任,false
剛愎自用,true
剛戾自用,false
剛褊自用,false
剪草除根,false
割肚牽腸,false
割雞焉用,false
剷草除根,false
劍拔弩張,false
力不副心,false
力不及心,false
力不從心,false
力不從願,false
力不逮心,false
力半功倍,false
力均勢敵,false
力敵勢均,false
力爭上流,false
力爭上游,false
力省功倍,false
力與願違,false
力行身體,false
力透紙背,false
功倍事半,false
功墜垂成,false
功墮垂成,false
功廢垂成,false
功敗垂成,false
功虧一簣,true
加體黃袍,false
助紂為虐,false
勁節高風,false
勁草疾風,false
勇退急流,false
勒馬懸崖,false
動地驚天,false
動常得咎,false
動心駭目,false
動心驚魂,false
動輒得咎,false
動輒見咎,false
動魄驚心,false
勞燕分飛,false
勞燕西東,false
勢不並立,false
勢不兩存,false
勢不兩立,false
勢不可抑,false
勢不可當,false
勢不可遏,false
勢可炙手,false
勢均力敵,true
勢如劈竹,false
勢如破竹,false
勢成騎虎,false
勢極必反,false
勢鈞力敵,false
勵兵秣馬,false
包含萬象,false
包羅萬彙,false
包羅萬象,false
包藏姦心,false
包藏禍心,false
包藏禍胎,false
包藏逆心,false
化日光天,false
化險為夷,false
化險為平,false
北叟失馬,false
北調南腔,false
北轅南轍,false
北轅適楚,false
北轅適越,false
北轍南轅,false
匡亂反正,false
匪懈夙宵,false
匹夫之勇,false
匿病不醫,false
十全之美,false
十全十美,true
十室九空,false
十家九空,false
十寒一暴,false
十惡不赦,false
十成九穩,false
十拿九穩,false
十拿十穩,false
十死一生,false
十生九死,false
十色五光,false
十行一目,false
十行俱下,false
十駕莫及,false
十駕難及,false
千丈一落,false
千人一律,false
千兵萬馬,false
千山萬水,false
千幅一律,false
千思百計,false
千手一律,false
千方百計,false
千條萬端,false
千歲一時,false
千水萬山,false
千端萬緒,false
千篇一律,false
千篇一體,false
千籌百計,false
千紅萬紫,false
千緒萬端,false
千謀百計,false
千變萬化,false
千變萬態,false
千變萬狀,false
千軍萬馬,false
千載一時,false
千載一會,false
千載一逢,false
千載一遇,false
千轉萬變,false
千里鵝毛,false
千金一刻,false
千金一擲,false
千金一諾,false
千金敝帚,false
千鈞一髮,true
千頭百緒,false
千頭萬緒,false
升堂入室,false
半信半疑,false
半塗而廢,false
半塗而罷,false
半就半推,false
半推半就,false
半文不值,false
半斤八兩,false
半步不離,false
半疑半信,false
半籌不展,false
半籌不納,false
半路修行,false
半路出家,false
半途而廢,true
卑不足道,false
卓錐之地,false
協力同心,false
南山之壽,false
南山捷徑,false
南柯一夢,false
南腔北調,false
南轅北轍,true
博古知今,false
博古通今,true
博覽五車,false
危如壘卵,false
危如累卵,false
危於累卵,false
危於重卵,false
危猶累卵,false
危言聳聽,false
危言駭世,false
危詞聳聽,false
即景生情,false
卷不輟手,false
卷土重來,false
卷旗息鼓,false
原璧歸趙,false
厥功告成,false
厭勞喜逸,false
厲兵秣馬,false
厲兵粟馬,false
厲色疾言,false
去如黃鶴,false
去草絕根,false
去邪歸正,false
參差不一,false
參差不齊,true
反掌之易,false
反正撥亂,false
反死回生,false
反求諸己,false
反求諸身,false
反老成童,false
反老為少,false
反老還童,false
反脣相攻,false
反脣相稽,false
反脣相譏,false
反覆不常,false
反覆無常,false
反邪就正,false
反邪歸正,false
取寵譁世,false
叢矢之的,false
叢至沓來,false
口中雌黃,false
口乳未乾,false
口伐舌擊,false
口似懸河,false
口出不遜,false
口呆目瞪,false
口呿目瞪,false
口如懸河,false
口尚乳臭,false
口快心直,false
口是心非,true
口碑載道,false
口若懸河,true
口蜜腹劍,false
口誅筆伐,false
古色古香,false
古道熱腸,false
古香古色,false
另眼相待,false
另眼相看,true
另眼看待,false
另眼看承,false
另眼看覷,false
另起爐灶,false
另開生面,false
叩心泣血,false
叱吒風雲,false
叱咤風雲,false
叱嗟風雲,false
史無前例,true
右盼左顧,false
司晨牝雞,false
司空慣見,false
司空眼慣,false
司空經慣,false
司空見慣,false
各有千古,false
各有千秋,false
各自為政,false
各自為謀,false
合浦珠還,false
合浦還珠,false
吉人天佑,false
吉人天相,false
吊虎離山,false
吊譽沽名,false
同仇敵愾,false
同休等戚,false
同室操戈,false
同工異巧,false
同工異曲,false
同床各夢,false
同床異夢,false
同心一力,false
同心僇力,false
同心協力,false
同心合力,false
同心并力,false
同心戮力,false
同志合道,false
同歸一燼,false
同歸於亡,false
同歸於盡,false
同歸殊塗,false
同歸殊途,false
同流合汙,false
同病相憐,false
同病相矜,false
同聲附和,false
同舟共濟,false
同舟而濟,false
同船濟水,false
名不副實,false
名不虛傳,false
名不虛得,false
名不虛立,false
名不虛行,false
名列前茅,true
名副其實,false
名實不副,false
名實相副,false
名實相稱,false
名實相符,false
名正言順,false
名落孫山,false
名韁利索,false
名韁利鎖,false
吐氣揚眉,false
吐絲自縛,false
向壁虛造,false
向狐謀裘,false
向若之歎,false
吞聲忍氣,false
吞聲飲氣,false
吟弄風月,false
吟風咏月,false
吟風弄月,false
吟風詠月,false
否去泰來,false
否往泰來,false
否極泰來,true
否極泰遇,false
否極生泰,false
否終則泰,false
否終而泰,false
含沙射影,false
含糊兩可,false
含血噀人,false
含血噴人,false
含血潠人,false
含飴弄孫,false
吳下阿蒙,false
吳牛喘月,false
吶喊搖旗,false
吹毛取瑕,false
吹毛求瑕,false
吹毛求疵,false
吹毛索疵,false
吹波助瀾,false
呆似木雞,false
呆若木雞,false
呼天喚地,false
呼天搶地,false
呼天號地,false
呼風喚雨,false
呼鹿為馬,false
命面提耳,false
咄咄怪事,false
咄咄逼人,false
和衷共濟,false
和衷協濟,false
咎由自取,false
咎皆自貽,false
咫尺千里,false
咫尺天涯,false
咫尺萬里,false
咬文嚼字,false
咬牙切齒,true
咬牙恨齒,false
哀鴻遍地,false
哀鴻遍野,false
唯唯諾諾,false
唱高和寡,false
唾手可取,false
唾手可得,false
唾面自乾,false
問柳尋花,false
問柳評花,false
問罪興師,false
問花訪柳,false
問道於盲,false
啞口無言,true
啣環結草,false
善價而沽,false
善誘循循,false
喋喋不休,false
喋喋不已,false
喘月吳牛,false
喚雨呼風,false
喜出意外,false
喜出望外,true
喜出非望,false
喜功好大,false
喜動顏開,false
喜地歡天,false
喜容可掬,false
喜笑顏開,false
喜逐顏開,false
喧客奪主,false
喧賓奪主,false
喪天害理,false
喪心病狂,false
喪氣垂頭,false
喪馬之翁,false
單刀直入,false
嗜古不化,false
嗟來之食,false
嗣往開來,false
嗤之以鼻,true
嘆為觀止,true
嘆觀止矣,false
嘔出心肝,false
嘔心吐膽,false
嘔心瀝血,false
嘗膽臥薪,false
嘯吒風雲,false
嘯月吟風,false
嘲弄風月,false
嘲風弄月,false
嘲風詠月,false
噀血噴人,false
噤口不言,false
噤如秋蟬,false
噤若寒蟬,false
器宇軒昂,false
噬臍何及,false
噬臍無及,false
噬臍莫及,false
嚮壁虛造,false
嚴聲厲色,false
囊中取物,false
囊橐如洗,false
囊空如洗,false
囊空羞澀,false
四分五剖,false
四分五落,false
四分五裂,false
四德三從,false
四海為家,false
四通五達,false
四通八達,false
四面楚歌,false
回光反照,false
回光返照,false
回山倒海,false
回心改念,false
回心易慮,false
回心轉意,false
回春妙手,false
回生起死,false
回頭是岸,true
回骸起死,false
因公假私,false
因公行私,false
因勢利導,false
因勢順導,false
因名思義,false
因咽去食,false
因噎廢食,false
因地制宜,false
因小失大,true
因循故事,false
因時制宜,false
因材施教,false
因病發藥,false
因變制宜,false
因陋就寡,false
因陋就簡,false
因陋就隘,false
囫圇吞棗,true
困獸思鬥,false
困獸猶鬥,false
固壁清野,false
國色天姿,false
國色天香,true
國豔天香,false
圓鑿方枘,false
圖窮匕見,false
土崩瓦解,false
地久天長,false
地永天長,false
地滅天誅,false
地窮山盡,false
地網天羅,false
地覆天翻,false
地角天涯,false
坎井之蛙,false
坐井觀天,false
坐以待斃,false
坐待焚滅,false
坐懷不亂,false
坐立不安,false
坐而待弊,false
坐而待斃,false
坐而待死,false
坐臥不安,false
坐臥不寧,false
坐若針氈,false
坐薪嘗膽,false
坐薪懸膽,false
坦東床腹,false
坦腹東床,false
垂涎三尺,true
垂頭喪氣,true
垂首喪氣,false
垢面蓬頭,false
埋名隱姓,false
城下之盟,false
埳井之蛙,false
執迷不化,false
執迷不悟,true
執迷不改,false
執迷不省,false
堂堂正正,false
堂皇冠冕,false
堂間處燕,false
堅城清野,false
堅壁清野,false
報怨以德,false
報李投桃,false
塗不拾遺,false
塗炭生民,false
塗炭生靈,false
塞源端本,false
塞翁失馬,false
塞耳偷鈴,false
塞耳盜鐘,false
境與心違,false
境過情遷,false
墨守成法,false
墨守成規,false
墨守舊法,false
壞法婪贓,false
壯志凌雲,false
壯志淩雲,false
壯氣橫秋,false
壹敗塗地,false
壺漿簞食,false
壽比南山,false
壽終正寢,true
壽陵匍匐,false
壽陵失步,false
壽陵忘步,false
外厲內荏,false
外強中乾,false
外強中枯,false
外澤中乾,false
外腴中乾,false
夙夜不懈,false
夙夜不解,false
夙夜匪懈,false
夙興夜寐,false
多多益善,false
多多益辦,false
多岐亡羊,false
多歧亡羊,false
多華少實,false
多難興邦,false
夜以接日,false
夜以繼日,false
夜以繼晝,false
夜郎自大,false
夜長夢多,false
夢寐以求,false
夢寐魂求,false
夢熟黃粱,false
夢筆生花,false
夢筆花生,false
夢裡南柯,false
夢覺黃粱,false
大公無私,true
大刀闊斧,true
大功告成,false
大功告竣,false
大功告蕆,false
大功垂成,false
大功畢成,false
大千世界,false
大同小異,true
大名鼎鼎,false
大喜踰望,false
大喜過望,false
大器晚成,true
大失所望,false
大失所欲,false
大工告竣,false
大度豁達,false
大庭廣眾,false
大廷廣眾,false
大惑不解,false
大才晚成,false
大敗塗地,false
大智如愚,false
大智若愚,true
大書特書,false
大海一粟,false
大海撈針,false
大發雷霆,false
大繆不然,false
大義滅親,false
大聲疾呼,false
大腹便便,false
大言不慚,false
大言聳聽,false
大謬不然,false
大逆不道,false
大逆無道,false
大道康莊,false
大驚小怪,false
天作之合,false
天地誅戮,false
天地誅滅,false
天姿國色,false
天授地設,false
天涯咫尺,false
天涯地角,false
天涯地隅,false
天涯海角,false
天然國色,false
天生地設,false
天相吉人,false
天真爛漫,false
天真爛熳,false
天空地闊,false
天空海闊,false
天經地義,false
天羅地網,false
天翻地覆,false
天花亂墜,false
天花墜地,false
天衣無縫,true
天誅地滅,false
天造地設,false
天長地久,false
天長地老,false
天長地遠,false
天香國色,false
天馬行空,false
天驚石破,false
太山壓卵,false
失之交臂,false
失所流離,false
失馬塞翁,false
失魂喪魄,false
失魂落魄,false
失魂蕩魄,false
失魄亡魂,false
奄奄一息,false
奄奄殘息,false
奄奄餘息,false
奇想天開,false
奇貨可居,true
奈如之何,false
奉頭鼠竄,false
契船求劍,false
奪胎換骨,false
奮不慮身,false
奮不顧命,false
奮不顧生,false
奮不顧身,false
奮武揚威,false
奮爪張牙,false
奮身不顧,false
好事多妨,false
好事多慳,false
好事多磨,false
好事多阻,false
好事多魔,false
好事天慳,false
好利忘義,false
好大喜功,false
好大喜誇,false
好為人師,false
好逸惡勞,false
好道安貧,false
好高務遠,false
好高騖遠,false
如之奈何,false
如出一轍,false
如喪考妣,false
如坐針氈,false
如山如海,false
如循一軌,false
如數家珍,false
如火如荼,false
如狼似虎,false
如狼如虎,false
如玉如花,false
如繭自纏,false
如膠似漆,false
如膠如漆,false
如膠投漆,false
如芒刺背,false
如芒在背,false
如花似月,false
如花似玉,false
如荼如火,false
如虎傅翼,false
如虎如狼,false
如虎得翼,false
如虎添翼,false
如虎生翼,false
如釋負擔,false
如釋重負,false
如雷在耳,false
如雷灌耳,false
如雷貫耳,false
如願以償,false
如風過耳,false
如魚似水,false
如魚在水,false
如魚在釜,false
如魚得水,false
如龍似虎,false
妄作胡為,false
妄動輕為,false
妄尊自大,false
妄指鹿馬,false
妄畫蛇足,false
妄稱尊大,false
妄自尊大,false
妄自菲薄,false
妙手回春,false
妙手空空,false
妙策神機,false
妙算神機,false
妙算神謀,false
妝喬作勢,false
妝模作樣,false
妝模做樣,false
妝腔作勢,false
妝麼做勢,false
始作俑者,false
姍姍來遲,true
姑妄言之,false
姑息惠奸,false
姑息惠姦,false
姑息養奸,false
姑息養姦,false
委曲保全,false
委曲周全,false
委曲存全,false
委曲成全,false
委曲求全,false
威風凜凜,false
娛目賞心,false
婆心苦口,false
嬌生慣養,false
嬌生貴養,false
子虛烏有,false
孑然一身,false
孔席不暖,false
孜孜不倦,false
孜孜不怠,false
季布一諾,false
孤恩負德,false
孤恩負義,false
孤掌難鳴,false
孤標峻節,false
孤注一擲,false
孤芳自愛,false
孤芳自賞,true
孤苦仃俜,false
孤苦伶仃,false
孤苦零丁,false
孤行一意,false
孤詣苦心,false
孤陋寡聞,false
孫山之外,false
孫山名落,false
孳孳不倦,false
學富五車,true
學步邯鄲,false
孺子可教,false
孽由自取,false
守口如瓶,true
守望相助,false
守株伺兔,false
守株待兔,true
守此失彼,false
守殘保缺,false
守道安貧,false
安分守己,false
安分守拙,false
安分潔己,false
安土樂業,false
安坐待斃,false
安如泰山,false
安家樂業,false
安居樂業,true
安心塌地,false
安於泰山,false
安有此理,false
安枕而臥,false
安步當車,false
安然無恙,true
安若泰山,false
安貧守道,false
安貧樂道,false
安身立命,false
完歸趙璧,false
完璧歸趙,true
宏達大度,false
客至如歸,false
宣威耀武,false
室徒四壁,false
室無長物,false
害理傷天,false
害群之馬,false
家喻戶曉,false
家徒四壁,true
家徒壁立,false
家無四壁,false
家無長物,false
家至戶曉,false
家諭戶曉,false
寄人籬下,false
寅吃卯糧,false
寅支卯糧,false
寒灰復燃,false
寒灰更然,false
寒灰重燃,false
寡不勝眾,false
寡不敵眾,false
寡信輕諾,false
寡廉鮮恥,false
寡聞少見,false
寡聞陋見,false
寡見鮮聞,false
寥寥可數,false
寥寥無多,false
寥寥無幾,true
寥若晨星,true
實事求是,false
寬仁大度,false
寬洪大度,false
寶花亂墜,false
寸步不離,false
寸草不留,false
寸草春暉,false
寸草無遺,false
射屏之約,false
射影含沙,false
將信將疑,false
將李代桃,false
將無作有,false
將計就計,false
將陋就簡,false
專心致志,true
專思致慮,false
專愎自用,false
專當一面,false
尊俎折衝,false
尋章摘句,false
尋花問柳,false
尋花覓柳,false
對牛彈琴,true
對牛鼓簧,false
對病用藥,false
對症下藥,false
對答如流,false
對証之藥,false
對證下藥,false
對證用藥,false
對證處方,false
對門當戶,false
對驢彈琴,false
小家碧玉,false
小巧玲瓏,false
小心翼翼,true
小時了了,false
小水常流,false
小水長流,false
小異大同,false
小試割雞,false
小試牛刀,false
少不更事,false
少不經事,false
少年老成,false
少見多怪,false
尖言冷語,false
尚存一息,false
尚氣凌人,false
就毒攻毒,false
就熟駕輕,false
就輕避重,false
尸位素餐,false
尸利素餐,false
尸祿素餐,false
尺幅千里,false
尾大不掉,false
尾大難掉,false
居安思危,false
居安慮危,false
居心叵測,false
居為奇貨,false
居逸思危,false
屈指可數,true
屈指而數,false
屋下作屋,false
屋下架屋,false
屋下蓋屋,false
屋烏推愛,false
展卷有益,false
展轉反側,false
層出不窮,false
履困如夷,false
履薄臨深,false
履險如夷,false
履險若夷,false
山木自寇,false
山海之盟,false
山盟海誓,false
山窮水斷,false
山窮水盡,false
山窮水絕,false
山高水長,false
岌岌可危,true
岸然道貌,false
川流不息,true
川流不舍,false
左右逢原,false
左右逢源,false
左顧右盼,false
左顧右眄,false
巧侔造化,false
巧偷豪奪,false
巧取強奪,false
巧取豪奪,false
巧奪天工,true
巧奪造化,false
巧絕天工,false
巧舌花脣,false
巧言令色,false
巧言善色,false
巧言花語,false
巧語花言,false
巧逾造化,false
巨猾老奸,false
差強人意,false
已精求精,false
巴人下里,false
巷語街談,false
巷議街談,false
帝女填海,false
帝虎魯魚,false
師心自任,false
師心自是,false
師心自用,false
席不及煖,false
席不暇暖,false
席不暇煖,false
帶月披星,false
帶水拖泥,false
帶雨拖泥,false
帷幄運籌,false
幄中運籌,false
平分秋色,false
平地波瀾,false
平地青雲,false
平地風波,false
平地風濤,false
平心定意,false
平心定氣,false
平心易氣,false
平心靜氣,false
平易近人,false
平易近民,false
平步登天,false
平步青天,false
平步青雲,true
平風靜浪,false
年少老成,false
年高德劭,false
年高德邵,false
幸災樂禍,true
幾無僅有,false
庋之高閣,false
度外置之,false
康莊之衢,false
康莊之路,false
康莊大逵,false
康莊大道,false
庸人自擾,false
廓落晨星,false
廣大神通,false
廣庭大眾,false
廣思集益,false
廣益集思,false
廣眾之庭,false
廣眾大庭,false
廬山之真,false
廬山真面,false
廬山面目,false
延壽益年,false
延年益壽,false
延齡增壽,false
弄孫含飴,false
弄巧反拙,false
弄巧成拙,false
弄巧翻拙,false
弄斧班門,false
弄月吟風,false
弄月嘲風,false
弄沙成塔,false
弄法舞文,false
弄璋之喜,false
弄璋之慶,false
弄瓦之喜,false
弄草拈花,false
弊帚千金,false
弊帚自珍,false
弓影杯蛇,false
弓影浮杯,false
弓藏鳥盡,false
弓開得勝,false
弔影自憐,false
弔民伐罪,false
引人入勝,false
引人勝地,false
引狼入室,false
引玉拋磚,false
引盜入闥,false
引經據典,false
引經據古,false
引經據禮,false
引經據義,false
引虎入室,false
引賊入家,false
引鴆止渴,false
弩張劍拔,false
弱不禁風,true
弱肉強食,true
張冠李戴,false
張口結舌,false
張牙奮爪,false
張牙舞爪,false
張牙露爪,false
張膽明目,false
強弩之末,false
強愎自用,false
強詞奪正,false
強詞奪理,true
強詞昧理,false
強食弱肉,false
彈丸之地,false
彊弩之末,false
形不離影,false
形單影單,false
形單影隻,false
形單隻影,false
形孤影孑,false
形孤影隻,false
形形色色,false
形影不離,false
形影自憐,false
形槁心灰,false
形骸放浪,false
形骸脫略,false
彫蟲小技,false
彫蟲小藝,false
彬彬文質,false
影不離形,false
影單形隻,false
影隻形單,false
影隻形孤,false
待價而沽,false
待兔守株,false
待勞以逸,false
後來之秀,false
後來之雋,false
後來居上,true
後恭前倨,false
後日方長,false
後生可畏,false
後起之勁,false
後起之秀,false
後起之英,false
後進之秀,false
徐步當車,false
徒有其表,false
得不償喪,false
得不償失,false
得不償費,false
得不補失,false
得不酬失,false
得寸思尺,false
得寸覷尺,false
得寸進尺,false
得心應手,false
得意忘形,true
得手應心,false
得此失彼,false
得趣忘形,false
得過且過,false
得隴望蜀,false
得魚忘筌,false
徙日移天,false
徙薪曲突,false
從其所好,false
從善如流,false
從善若流,false
從壁上觀,false
從容不迫,true
從容自若,false
從心所欲,false
從風而靡,false
復為故態,false
復見天日,false
循序漸進,false
循循善誘,false
循循誘人,false
循次漸進,false
循次而進,false
循理安分,false
循規蹈矩,true
循蹈規矩,false
微不足道,false
微乎其微,false
德以報怨,false
德尊望重,false
德深望重,false
德邵年高,false
德隆望尊,false
德隆望重,false
德高望重,false
徹桑未雨,false
心不兩用,false
心不在焉,false
心和氣平,false
心回意轉,false
心如刀切,false
心如刀刺,false
心如刀剉,false
心如刀割,false
心如刀攪,false
心如刀絞,false
心如刀鋸,false
心如鐵石,false
心安理得,false
心安理當,false
心定理得,false
心宰理得,false
心平德和,false
心平氣和,false
心平氣定,false
心平氣溫,false
心平氣舒,false
心心相印,false
心怡神曠,false
心悅誠服,false
心愜意滿,false
心懷叵測,false
心戰膽栗,false
心手相應,false
心搖膽戰,false
心曠神怡,true
心曠神恬,false
心曠神愉,false
心正氣和,false
心滿意愜,false
心滿意足,false
心滿願足,false
心無二想,false
心無二用,false
心無兩用,false
心照不宣,true
心煩意亂,false
心煩意悶,false
心煩意躁,false
心煩慮亂,false
心爽神怡,false
心狂意亂,false
心猨意馬,false
心猿意馬,false
心直口快,true
心直嘴快,false
心移神曠,false
心腸鐵石,false
心腹之患,false
心腹之疾,false
心腹相照,false
心花怒放,true
心花怒發,false
心花怒開,false
心血來潮,false
心迴意轉,false
心靈福至,false
心非口是,false
心飛肉跳,false
心驚肉戰,false
心驚肉跳,false
心驚肉顫,false
心驚膽懾,false
心驚膽戰,false
心驚膽落,false
心驚膽顫,false
忍不可忍,false
忍氣吞聲,true
忍無可忍,false
忍辱負重,false
志人人殊,false
志合意同,false
志同心合,false
志同氣合,false
志同道合,true
志與願違,false
志陵雲霓,false
忘年之交,false
忘年之契,false
忘年之好,false
忘年交好,false
忘年交誼,false
忘形得意,false
忘恩失義,false
忘恩背義,false
忘恩負義,false
忘筌得魚,false
忠心耿耿,false
忠言逆耳,false
快口直腸,false
快婿乘龍,false
快馬加鞭,false
怒髮沖冠,false
怒髮衝冠,true
怙惡不悛,false
怙惡不改,false
急如星火,false
急於星火,false
急流勇退,false
急若星火,false
怨囂載道,false
怨天尤人,false
怨聲滿道,false
怨聲盈路,false
怨聲載路,false
怨聲載道,false
怪事咄咄,false
恂恂善導,false
恂恂善誘,false
恃才傲物,false
恃才凌物,false
恃才驕物,false
恍然大悟,false
恍然始悟,false
恐後爭先,false
恢宏大度,false
恢廓大度,false
恣心所欲,false
恨相知晚,false
恬不為恥,false
恬不知恥,false
恬不知愧,false
恬不知羞,false
息事寧人,true
息事甯人,false
息心靜氣,false
息鼓偃旗,false
恰中下懷,false
悄不聞鴉,false
悅目賞心,false
悅近來遠,false
悚然生敬,false
悚然起敬,false
悚若木雞,false
患得患失,false
悲天憫人,true
悲憤填膺,false
情不可抑,false
情不自任,false
情不自勝,false
情不自堪,false
情不自已,false
情不自持,false
情不自禁,false
情同意洽,false
情孚意合,false
情投意合,false
情投意洽,false
情投氣合,false
情猨意馬,false
情親意合,false
情隨事遷,false
惜墨如金,false
惜玉憐香,false
惜香憐玉,false
惠施五車,false
惡勞樂佚,false
惡盈釁滿,false
惡稔禍盈,false
惡稔罪盈,false
惡稔貫盈,false
惡聲狼籍,false
惡貫滿盈,false
惱羞成怒,false
惱羞變怒,false
想入非非,false
惴惴不安,false
惹草拈花,false
惹草沾花,false
惹草粘花,false
惹草黏花,false
愁眉不展,false
愁眉不開,false
愁眉苦目,false
愁眉苦眼,false
愁眉苦臉,true
愁顏不展,false
愎過自用,false
意出人表,false
意合情投,false
意同情合,false
意回心轉,false
意氣干雲,false
意氣用事,false
意氣軒昂,false
意轉心回,false
意馬心猿,false
愚公移山,false
愛屋及烏,false
愛莫助之,false
愛莫能助,false
感極涕零,false
感激流涕,false
感激涕泗,false
感激涕零,false
慘不忍睹,false
慘綠少年,false
慣作非為,false
慣養嬌生,false
慧中秀外,false
慮遠謀深,false
慷慨解囊,true
慾令智昏,false
憂世憫人,false
憂天憫人,false
憂心如惔,false
憂心如焚,false
憊於奔命,false
憐香惜玉,false
憑河暴虎,false
憤世嫉俗,false
憤世嫉邪,false
憤世疾惡,false
憤時嫉俗,false
憤氣填胸,false
憤氣填膺,false
應名故事,false
應對如流,false
應手從心,false
應接不暇,false
應接無暇,false
應有盡有,false
應機立斷,false
應權通變,false
應病與藥,false
應答如注,false
應答如流,false
應答如響,false
應規蹈矩,false
應變隨機,false
應風披靡,false
懲前毖後,false
懲噎廢食,false
懷才不偶,false
懷才不遇,false
懸崖勒馬,false
懸河寫水,false
懸河注水,false
懸河瀉水,false
懸腸掛肚,false
懸鶉百結,false
成竹在胸,false
我行我法,false
我行我素,false
我見猶憐,false
截趾適屨,false
截鐵斬釘,false
戮力一心,false
戮力一意,false
戮力同德,false
戮力同心,false
戮力壹心,false
戮力齊心,false
戰戰兢兢,false
戴月披星,false
戶告人曉,false
戶對門當,false
戶限為穿,false
所向披靡,false
所向摧靡,false
所向皆靡,false
手不輟卷,false
手不釋卷,false
手卷不釋,false
手忙腳亂,true
手忙足亂,false
手無寸刃,false
手無寸鐵,false
手無尺鐵,false
手腳無措,false
手舞足蹈,false
手足失措,false
手足無措,true
手足靡措,false
才傾八斗,false
才堪倚馬,false
才富八斗,false
才盡江淹,false
才高倚馬,false
才高八斗,true
打草蛇驚,false
打草驚蛇,false
打退堂鼓,false
扞格不入,false
扶搖直上,true
扶老將幼,false
扶老攜幼,false
投井下石,false
投其所喜,false
投其所好,false
投刃皆虛,false
投桃報李,false
投機取巧,false
投珠報玉,false
投石填海,false
投礫引珠,false
投筆從戎,false
投鞭斷流,false
投鼠之忌,false
投鼠忌器,false
折衝俎豆,false
折衝尊俎,false
折衝樽俎,false
折衝罇俎,false
披古通今,false
披星帶月,false
披星戴月,false
披毛求瑕,false
披毛求疵,false
披瀝肝膈,false
披瀝肝膽,false
披肝掛膽,false
披肝瀝膽,false
披肝瀝血,false
披肝露膽,false
披荊斬棘,true
抱才不遇,false
抱殘守缺,false
抱殘守闕,false
抱獨守殘,false
抱薪救火,false
抱薪救焚,false
抱頭鼠竄,false
抽胎換骨,false
抽薪止沸,false
拈花惹草,false
拈花摘草,false
拉朽摧枯,false
拉枯折朽,false
拊心泣血,false
拋磚引玉,false
拋頭露面,false
拍案叫絕,true
拔刃張弩,false
拔新領異,false
拔群出萃,false
拔群出類,false
拔萃出群,false
拔萃出類,false
拔類超群,false
拖泥帶水,true
招搖撞騙,false
招搖過市,false
招花惹草,false
拭目以俟,false
拭目以待,false
拭目而待,false
拱手無措,false
拾人牙後,false
拾人牙慧,false
拿班作勢,false
拿班做勢,false
拿腔作勢,false
拿腔做勢,false
持管窺天,false
持重老成,false
挂肚牽腸,false
指日可俟,false
指日可待,false
指日可期,false
指日而待,false
指日而致,false
指桑罵槐,false
指桑說槐,false
指鹿作馬,false
指鹿為馬,false
指鹿道馬,false
挈領提綱,false
按兵不動,false
按兵不舉,false
按圖索駿,false
按圖索驥,false
按步就班,false
按甲不動,false
按軍不動,false
按部就班,true
挺而走險,false
挺鹿走險,false
捉影捕風,false
捉李代桃,false
捉班做勢,false
捉衿肘見,false
捉衿見肘,false
捉襟肘見,false
捉襟見肘,false
捉襟露肘,false
捉風捕影,false
捕影拿風,false
捕影繫風,false
捕風弄月,false
捕風捉影,true
捕風繫影,false
捧頭鼠竄,false
捨本逐末,false
捨生取義,false
捲土重來,true
捷徑終南,false
捷足先占,false
捷足先得,false
捷足先登,false
掌上明珠,false
排山倒海,false
排山壓卵,false
排患解紛,false
排難解急,false
排難解紛,false
掛肚牽心,false
掛肚牽腸,false
掠影浮光,false
探囊取物,false
探湯赴火,false
探湯蹈火,false
掣衿露肘,false
掣襟肘見,false
掣襟露肘,false
接天烽火,false
接應不暇,false
接木移花,false
接耳交頭,false
接踵摩肩,false
推己及人,false
推己況人,false
推心置腹,true
推心致腹,false
推愛屋烏,false
推波助瀾,false
推誠布信,false
推誠布公,false
推誠置腹,false
推陳出新,false
推陳易新,false
推陳致新,false
推食解衣,false
掩人耳目,false
掩前絕後,false
掩惡揚善,false
掩惡揚美,false
掩旗息鼓,false
掩月羞花,false
掩耳偷鈴,false
掩耳盜鈴,true
掩耳盜鐘,false
掩過揚善,false
措心積慮,false
提綱挈領,false
提綱振領,false
揚威耀武,false
揚旗吶喊,false
揚湯止沸,false
揚眉伸氣,false
揚眉吐氣,true
揚鑣分路,false
揚長而去,false
換日偷天,false
換柳移花,false
換骨奪胎,false
換骨脫胎,false
揠苗助長,false
握綱提領,false
握風捕影,false
揭竿為旗,false
揭竿而起,false
揮毫倚馬,false
揮毫立馬,false
揮金似土,false
揮金如土,true
援筆成章,false
援經據典,false
損人利己,false
損人益己,false
損人肥己,false
損己利人,false
損己益人,false
損本逐末,false
搖尾乞憐,false
搖搖欲墜,true
搖搖欲墮,false
搖旗吶喊,false
搜剔枯腸,false
搜攪枯腸,false
搜章摘句,false
搜索枯腸,false
搜索空腹,false
搜腸刮肚,false
搶地呼天,false
摘句尋章,false
摘句搜章,false
摧朽拉枯,false
摧枯折腐,false
摧枯拉朽,false
摩肩接踵,false
摩肩繼踵,false
摩頂放踵,false
摩頂至足,false
摩頂至踵,false
摸棱兩可,false
摸象眾盲,false
撞鐘鼎食,false
撞騙招搖,false
撟抂過正,false
撥亂反正,false
撥亂反治,false
撲朔迷離,false
撼樹蚍蜉,false
擇善而從,false
擇善而行,false
擇從其善,false
擇輕避重,false
擊其不意,false
擊楫中流,false
擊鍾鼎食,false
擊鐘陳鼎,false
擊鐘鼎食,false
操戈入室,false
據經引傳,false
據隴望蜀,false
擢髮不勝,false
擢髮數罪,false
擢髮莫數,false
擢髮難數,false
擲鼠忌器,false
攀炎附熱,false
攀鱗附翼,false
攀龍託鳳,false
攀龍附鳳,false
攜幼扶老,false
攢花簇錦,false
攧撲不碎,false
支吾其詞,false
攸向靡披,false
改弦易轍,false
改弦更張,false
改張易調,false
改絃易張,false
改絃易調,false
改絃易轍,false
改絃更張,false
改調解張,false
改過從新,false
改過自新,false
改邪歸正,false
改頭換面,false
放浪不羈,false
放浪形跡,false
放浪形骸,false
放浪無羈,false
放蕩不羈,false
放蕩形骸,false
放虎歸山,false
放虎遺患,false
放達不羈,false
故態復作,false
故態復萌,false
故態復還,false
故我依然,false
故步不離,false
故步自封,false
教學相長,false
敝帚千金,false
敝帚自珍,false
敦本正源,false
整襟危坐,false
敵愾同仇,false
敷衍塞責,false
數一數二,true
數典忘祖,false
數行並下,false
敻然不同,false
文不加點,true
文不對題,false
文人人殊,false
文修武偃,false
文無加點,false
文質彬彬,false
文過遂非,false
文過飾非,false
斗量車載,false
斬草除根,false
斬釘截鐵,true
斬鋼截鐵,false
斯文委地,false
斯文掃地,false
新陳代謝,false
斷章取意,false
斷章取義,true
方以類聚,false
方剛血氣,false
方寸已亂,false
方寸須霺,false
方昌未艾,false
方枘圓鑿,false
方盛未艾,false
方興未艾,false
方駕齊驅,false
於事無濟,false
於安思危,false
施教因材,false
旁敲側擊,false
旁若無人,false
旁觀袖手,false
旂開得勝,false
旗開取勝,false
旗開得勝,false
旗鼓相當,true
既往不咎,false
既往不究,false
既往不追,false
日坐針氈,false
日新月異,true
日新月盛,false
日暮塗殫,false
日暮窮途,false
日暮路遠,false
日暮途窮,false
日暮途遠,false
日暮道遠,false
日月如梭,false
日異月新,false
日薄西山,false
日薄西隅,false
旦旦信誓,false
明修暗度,false
明哲保身,false
明哲防身,false
明察秋毫,false
明日黃花,false
明珠入掌,false
明珠夜投,false
明珠掌上,false
明珠暗投,false
明珠生蚌,false
明目張膽,false
明眸皓齒,false
明知故犯,false
明知明犯,false
明若指掌,false
明若觀火,false
明鏡高懸,false
易俗移風,false
易如反掌,false
易如翻掌,false
易於反手,false
易於反掌,false
易韋三絕,false
星眸皓齒,false
星移斗換,false
星移物換,false
星羅棋布,false
星羅雲布,false
春夢一場,false
春暉寸草,false
春花秋實,false
春華秋實,false
春風化雨,false
春風得意,false
春風滿面,false
昧利忘義,false
昭然若揭,false
時與願違,false
時雨春風,false
晚成大器,false
晨鐘暮磬,false
晨鐘暮鼓,false
普天同慶,false
智以利昏,false
智昏菽麥,false
暗器傷人,false
暗度陳倉,false
暗渡陳倉,false
暗箭中人,false
暗箭傷人,false
暢所欲言,true
暫勞永逸,false
暮四朝三,false
暮楚朝秦,false
暮鼓晨鐘,false
暮鼓朝鐘,false
暴殄天物,false
暴虎憑河,false
暴虎馮河,false
暴跳如雷,true
暴躁如雷,false
曇花一現,true
曜威燿武,false
曲突徙薪,false
曲高和寡,true
更弦易轍,false
更絃易轍,false
書富五車,false
書生常談,false
書讀五車,false
曾參殺人,true
月下老人,false
月閉花羞,false
有備無患,false
有口皆碑,false
有名亡實,false
有名無實,false
有始有卒,false
有始有終,false
有始無終,false
有志竟成,false
有恃不恐,false
有恃無恐,false
有教無類,false
有條不紊,false
有條有理,false
有目共睹,false
有目共見,false
有目咸睹,false
有眼共見,false
有聲有色,false
有色有聲,false
有觸即發,false
朋比作仇,false
朋比作奸,false
朋比為奸,false
朗然若揭,false
望之卻步,false
望塵不及,false
望塵莫及,false
望塵靡及,false
望梅止渴,true
望梅消渴,false
望洋之嘆,false
望洋而嘆,false
望洋興嘆,false
望洋興歎,false
望洋驚歎,false
望眼將穿,false
望眼應穿,false
望眼欲穿,false
望穿秋水,false
望而卻步,false
望風披靡,false
望風而潰,false
望風而靡,false
朝三暮四,false
朝令夕改,false
朝令暮改,false
朝四暮三,false
朝楚暮秦,false
朝秦暮楚,false
朝鐘暮鼓,false
期期艾艾,false
木人石心,false
木已成舟,false
木形灰心,false
木槁灰寒,false
木猴而冠,false
木直自寇,false
未卜先知,false
未成一簣,false
未知所措,false
未知適從,false
未能枚舉,false
未識一丁,false
未辨菽麥,false
未雨綢繆,true
末大不掉,false
末節繁文,false
末路窮途,false
本末倒置,false
李下瓜田,false
李代僵桃,false
李代桃僵,false
李代桃殭,false
李戴張帽,false
杜漸防微,false
杜漸防萌,false
杜漸除微,false
杞人之憂,false
杞人憂天,true
杞國之憂,false
杞國憂天,false
束之高閣,false
束手受斃,false
束手待斃,false
束手待死,false
束手待盡,false
束手旁觀,false
束手無措,false
束手無策,false
束手無計,false
束手無謀,false
束置高閣,false
杯弓蛇影,true
杯水車薪,false
杯水輿薪,false
杯盤狼籍,false
杯盤狼藉,false
杯蛇弓影,false
東家效顰,false
東山之臥,false
東山再起,true
東床坦腹,false
東床嬌婿,false
東床嬌客,false
東施捧心,false
東施效顰,false
東海撈針,false
東海撈鍼,false
東海桑田,false
東窗事犯,false
東窗事發,false
東道主人,false
東風馬耳,false
東食西宿,false
杳如黃鶴,false
松枯石爛,false
枉使心機,false
枉用心機,false
枉突徙薪,false
枉費心力,false
枉費心機,false
枉費心神,false
枉費心計,false
枉轡學步,false
枕戈俟旦,false
枕戈待旦,false
枯木死灰,false
枯木逢春,true
枯樹逢春,false
枯腸搜索,false
枵腹從公,false
柔懦寡斷,false
柔茹寡斷,false
柳暗花明,true
栩栩如生,true
栩栩欲活,false
根深蒂固,false
根深蔕固,false
根盤節錯,false
格格不入,false
格格不納,false
格殺勿論,false
桂薪玉粒,false
桂薪珠米,false
桃來李答,false
桃僵李代,false
桃花人面,false
案舉齊眉,false
桑田滄海,false
梁上君子,false
梅林止渴,false
棄本就末,false
棄本逐末,false
棄甲丟盔,false
棄甲曳兵,false
棄甲負弩,false
棄筆從戎,false
棄邪從正,false
棄邪歸正,false
棋布星列,false
棋布星羅,false
棋布星陳,false
棒喝當頭,false
棟充牛汗,false
椎心泣血,false
楊花水性,false
楚材晉用,false
楚楚可人,false
楚楚可憐,false
楚歌四面,false
業業兢兢,false
極樂世界,false
極重難返,false
槁木寒灰,false
槁木死灰,false
槃根錯節,false
樂不可支,false
樂不思蜀,false
樂且不疲,false
樂業安居,false
樂極則悲,false
樂極哀來,false
樂極哀生,false
樂極悲來,false
樂極悲生,false
樂極災生,false
樂極生哀,false
樂極生悲,false
樂此不疲,false
樂盡哀生,false
樂禍幸災,false
樂終而悲,false
樂而忘歸,false
樂而忘返,false
樂道安貧,false
樓臺近水,false
標同伐異,false
標新取異,false
標新立異,false
標新領異,false
模棱兩可,false
模稜兩可,false
樽俎折衝,false
橫行霸道,false
橫逆順受,false
櫛沐風雨,false
櫛風沐雨,false
權宜之術,false
權宜之計,false
欣欣向榮,false
欲擒姑縱,false
欲擒故縱,false
欲罷不能,false
欲蓋彌彰,false
欲蓋彌章,false
欲蓋彌著,false
欲蓋而彰,false
欲速不達,false
欲速反遲,false
欲逸惡勞,false
欺世盜名,false
欺世釣譽,false
欺人自欺,false
歌功頌德,false
歌遏行雲,false
歌頌功德,false
歛襟危坐,false
歡天喜地,false
歡忻鼓舞,false
歡欣鼓舞,false
止渴之梅,false
止渴思梅,false
止渴望梅,false
止渴飲鴆,false
正中下懷,false
正中其懷,false
正中己懷,false
正人君子,false
正本清源,false
正本澄源,false
正義嚴辭,false
正襟危坐,false
正襟安坐,false
步步為營,false
武偃文修,false
武陵世外,false
歧路亡羊,false
歲月如梭,true
歷歷在目,true
歷歷在眼,false
死心倒地,false
死心塌地,false
死心搭地,false
死心榻地,false
死心落地,false
死有餘咎,false
死有餘罪,false
死有餘責,false
死有餘辜,false
死灰復然,false
死灰復燃,true
死灰復燎,false
死灰槁木,false
殃及池魚,false
殊塗一致,false
殊塗同會,false
殊塗同歸,false
殊塗同致,false
殊失所望,false
殊方同致,false
殊致同歸,false
殊路同歸,false
殊轍同歸,false
殊途同歸,true
殘息奄奄,false
殫心竭慮,false
殫思極慮,false
殫智畢精,false
殫精極慮,false
殫精畢力,false
殫精畢思,false
殫精竭慮,false
殫精覃思,false
殷天動地,false
殷殷不倦,false
殷鑒不遠,false
殺人如芥,false
殺人如草,false
殺人如蒿,false
殺人如蓺,false
殺人如麻,false
殺人越貨,false
殺生與奪,false
殺衣縮食,false
殺身成仁,false
殺身成義,false
殺雞取卵,false
毀家抒難,false
毀家紓國,false
毀家紓難,false
毋望之禍,false
毋翼而飛,false
每下愈況,false
每下愈篤,false
每況愈下,false
每變愈下,false
比比皆是,false
比比皆然,false
比肩繼踵,false
比肩隨踵,false
毖後懲前,false
毛遂自薦,false
毛骨俱竦,false
毛骨悚然,true
毛骨竦然,false
毛髮悚然,false
毛髮為聳,false
毛髮竦然,false
民不聊生,false
民望所歸,false
民生塗炭,false
氣合情投,false
氣吐眉揚,false
氣和心平,false
氣壓山河,false
氣壯山河,false
氣壯河山,false
氣宇軒昂,false
氣忍聲吞,false
氣急敗壞,true
氣息厭厭,false
氣息奄奄,false
氣憤填胸,false
氣憤填膺,false
氣概凌雲,false
氣血方剛,false
氣象萬千,false
水乳之合,false
水乳之契,false
水乳交融,false
水乳相和,false
水乳相資,false
水到渠成,false
水底撈針,false
水性楊花,false
水息不通,false
水月鏡像,false
水月鏡花,false
水泄不漏,false
水泄不通,false
水洩不通,false
水流花落,false
水涸石出,false
水深火烈,false
水深火熱,false
水淺長流,false
水清石出,false
水滴石穿,false
水火深熱,false
水盡山窮,false
水窮山盡,false
水落石出,false
水覆難收,false
水闊天空,false
永傳不朽,false
永垂不朽,false
永存不朽,false
求全責備,false
求劍刻舟,false
求道於盲,false
求魚緣木,false
汗出沾背,false
汗流洽背,false
汗流浹背,false
汗流浹體,false
汗牛充棟,true
汗馬之功,false
汗馬之勞,false
汗馬之績,false
汗馬功勞,false
汗馬功績,false
汗馬勛勞,false
江河日下,false
江淹夢筆,false
江淹才盡,false
江郎才掩,false
江郎才盡,false
池魚之禍,false
決一雌雄,false
沆瀣一氣,false
沆瀣一脈,false
沆瀣一襟,false
沈舟破釜,false
沈魚落雁,false
沉舟破釜,false
沉魚落雁,true
沉魚落鴈,false
沐猴冠冕,false
沐猴而冠,false
沐猴衣冠,false
沐雨櫛風,false
沒三沒四,false
沒法沒天,false
河東獅吼,false
河盟山誓,false
沽名吊譽,false
沽名干譽,false
沽名弔譽,false
沽名邀譽,false
沽名釣譽,false
沾沾自喜,false
沾沾自足,false
法無二門,false
波平風靜,false
泣對牛衣,false
泥牛下水,false
泥牛入海,false
泥雪鴻跡,false
泰來否往,false
泰來否極,false
泰去否來,false
泰山之安,false
泰山壓卵,false
洗心回面,false
洗心革志,false
洗心革意,false
洗心革面,true
洗耳恭聽,false
洗耳拱聽,false
洛陽紙貴,false
洞天福地,false
洞如指掌,false
洞如觀火,false
洞若觀火,false
津津有味,true
洪濤駭浪,false
活剝生吞,false
活虎生龍,false
洽背汗流,false
流寓失所,false
流水落花,false
流水行雲,false
流水高山,false
流汗沾背,false
流汗浹背,false
流移失所,false
流膾人口,false
流芳後世,false
流芳百世,false
流芳萬古,false
流血漂鹵,false
流言蜚語,true
流言飛文,false
流言飛語,false
流連忘反,false
流連忘返,false
流離失所,false
流離顛沛,false
浪靜風平,false
浮光掠影,false
浮光略影,false
海乾石爛,false
海內尋針,false
海市蜃樓,true
海底撈針,true
海枯石爛,false
海約山盟,false
海覆天翻,false
海角天涯,false
海誓山盟,false
海闊天空,true
海闊天高,false
涇渭不雜,false
涇渭了然,false
涇渭分明,true
涇渭斯明,false
涇渭自分,false
涇渭自明,false
涓滴歸公,false
涸水取魚,false
涸澤而漁,false
淋漓痛快,false
淋漓盡致,false
淋漓透徹,false
淋漓透澈,false
深圖遠慮,false
深居簡出,false
深居罕出,false
深思熟慮,false
深思遠慮,false
深惡痛嫉,false
深惡痛絕,false
深慮遠計,false
深根固蒂,false
深根固蔕,false
深淵薄冰,false
深藏簡出,false
深計大慮,false
深計遠慮,false
深謀遠慮,false
深謀遠猷,false
深謀遠略,false
深謀遠計,false
深體力行,false
淵清玉潔,false
混融貫通,false
淹淹一息,false
清原正本,false
清源正本,false
清眉秀目,false
清談高論,false
清貧如洗,false
清野堅壁,false
清風亮節,false
清風兩袖,false
渴而穿井,false
游光掠影,false
游刃恢恢,false
游刃有餘,false
游刃皆虛,false
游刃餘地,false
游思妄想,false
游釜之魚,false
游魚得水,false
渾崙吞棗,false
渾掄吞棗,false
渾淪吞棗,false
渾渾噩噩,false
渾無所有,false
溥天同慶,false
溫故知新,true
滄桑之變,false
滄海一粟,false
滄海桑田,true
滄海遺珠,false
滔滔不斷,false
滔滔不盡,false
滔滔不竭,false
滔滔不絕,true
滴水石穿,false
滴水穿石,false
滿城風雨,false
滿腹經綸,true
滿臉春風,false
滿面春風,true
滿面生春,false
漂搖風雨,false
漏網之魚,false
漏網游魚,false
漠不關心,false
漠不關情,false
漫不加意,false
漫不經心,true
漫不經意,false
漸入佳境,false
漸至佳境,false
潑水難收,false
潛心積慮,false
潛濡默被,false
潛移暗化,false
潛移默化,true
澄源正本,false
激忿填膺,false
濡沫涸轍,false
濫廁其間,false
濫竽充數,true
瀉水懸河,false
瀝肝呈膽,false
瀝膽墮肝,false
瀝膽披肝,false
瀝膽隳肝,false
瀝血叩心,false
瀝血披肝,false
火樹琪花,false
火樹銀花,false
火熱水深,false
火燒眉毛,false
炊瓊爇桂,false
炎涼世態,false
炙手之勢,false
炙手可熱,false
炙手而熱,false
為之奈何,false
為人作嫁,false
為小失大,false
為小妨大,false
為山止簣,false
為法自弊,false
為法自斃,false
為虎作倀,false
為蛇添足,false
為蛇畫足,false
烏合之卒,false
烏合之眾,false
烏有子虛,false
烏煙瘴氣,false
烏集之眾,false
烽火連天,false
焉有是理,false
焉用牛刀,false
焚膏繼晷,false
無中生有,true
無以自容,false
無出其上,false
無出其右,false
無可奈何,false
無可如何,false
無可救藥,false
無地可容,false
無地自厝,false
無地自容,false
無地自處,false
無如之何,false
無妄之愆,false
無妄之憂,false
無妄之災,false
無妄之禍,false
無孔不入,false
無孔不鑽,false
無微不到,false
無微不至,false
無懈可擊,true
無所事事,false
無所可否,false
無所措手,false
無所適從,false
無有倫比,false
無法無天,false
無濟於事,false
無獨有偶,false
無理取鬧,false
無病呻吟,false
無的放矢,false
無益於事,false
無穴可入,false
無縫天衣,false
無翼而飛,false
無能為力,false
無能為技,false
無能為謀,false
無脛而至,false
無脛而行,false
無脛而走,false
無與倫比,false
無與為比,false
無補於事,false
無計奈何,false
無計所奈,false
無足挂齒,false
無類之教,false
焦頭爛額,false
煙火連天,false
照樣葫蘆,false
熟能生巧,true
熟路輕車,false
熱可炙手,false
熱腸古道,false
燃眉之急,false
燃膏繼晷,false
燎如觀火,false
燒眉之急,false
燕書郢說,false
燕燭郢書,false
燕雀處堂,false
燕雀處屋,false
爆燥如雷,false
爍金眾口,false
爐火純青,true
爛漫天真,false
爛熳天真,false
爛額焦頭,false
爨桂炊玉,false
爭先恐後,false
爾虞我詐,true
爾詐我虞,false
片言九鼎,false
牛之一毛,false
牛刀小試,false
牛衣對泣,false
牝雞司旦,false
牝雞司晨,false
牝雞晨鳴,false
牝雞牡鳴,false
牢不可拔,false
牢不可破,false
牢不可解,false
牢補羊亡,false
物以類聚,false
物換星移,false
物極則反,false
物極則衰,false
物極必反,false
物極必返,false
物盛則衰,false
物腐蟲生,false
物至則反,false
物至而反,false
特書大書,false
特開生面,false
牽合附會,false
牽強附會,false
牽湊附會,false
牽腸割肚,false
牽腸惹肚,false
牽腸挂肚,false
牽腸掛肚,false
狐假虎威,true
狐兔之悲,false
狐死兔悲,false
狐死兔泣,false
狐藉虎威,false
狗尾續貂,false
狗尾聯貂,false
狗盜雞鳴,false
狗續貂尾,false
狗肺狼心,false
狡兔三穴,false
狡兔三窟,false
狹路相逢,false
狼心狗意,false
狼心狗肺,false
狼狽不堪,false
狼狽為奸,true
狼籍盃盤,false
狽因狼突,false
猶豫不決,false
猶豫未決,false
猶魚得水,false
猶魚有水,false
獨出心裁,false
獨出手眼,false
獨善一身,false
獨善其身,false
獨木難支,false
獨當一面,false
獨開生面,false
獵心復萌,false
獸心人面,false
玄機妙算,false
率由舊典,false
率由舊則,false
率由舊章,false
玉律金科,false
玉映珠聯,false
玉潔冰清,false
玉潤珠圓,false
玉石俱摧,false
玉石俱焚,false
玉石俱燼,false
玉石俱碎,false
玉石同沉,false
玉石同焚,false
玉石同碎,false
玉立亭亭,false
玉粒桂薪,false
玉食錦衣,false
玩世不恭,false
玩世不羈,false
玩兵黷武,false
玩火自焚,false
玩物喪志,false
玩物溺志,false
玲瓏八面,false
珊珊來遲,false
珠圓玉潤,false
珠沉滄海,false
珠璧相映,false
珠生老蚌,false
珠米桂薪,false
珠聯玉映,false
珠聯璧合,false
珠連璧合,false
珠遺滄海,false
珠還合浦,false
班門取罪,false
班門弄斧,true
現身說法,false
理得心安,false
理直氣壯,true
理足氣壯,false
瑕不掩瑜,false
瑕不揜瑜,false
瑕不自揜,false
瑕瑜不掩,false
瑕瑜互見,false
璧合珠聯,false
璧合珠連,false
瓜李之嫌,false
瓜熟蒂落,false
瓜田李下,false
瓦缶雷鳴,false
瓦解冰泮,false
瓦解冰消,false
瓦解冰銷,false
瓦解土崩,false
瓦釜之鳴,false
瓦釜雷鳴,false
瓦釜鳴雷,false
甘之如飴,false
甘之若飴,false
甘伏下風,false
甘拜下風,false
甚囂塵上,false
甚失所望,false
生不逢時,false
生不逢辰,false
生吞活剝,false
生死與奪,false
生殺予奪,false
生民塗炭,false
生花妙筆,false
生靈塗地,false
生靈塗炭,false
生面獨開,false
生齒塗炭,false
生龍活虎,true
用管闚天,false
用逸待勞,false
畏頭畏尾,false
畏首畏尾,false
畢力殫慮,false
畢精竭思,false
略無忌憚,false
略識之無,false
畫蛇添足,true
畫蛇著足,false
畫餅充飢,true
畫餅充饑,false
畫龍點睛,false
異人同辭,false
異口一言,false
異口同喙,false
異口同聲,true
異口同詞,false
異口同辭,false
異口同音,false
異喙同辭,false
異想天開,true
異曲同工,true
異聲同辭,false
異舌同辭,false
異趣同歸,false
異路同歸,false
異軫同歸,false
異途同歸,false
當仁不讓,false
當仁不遜,false
當務之急,true
當務為急,false
當場作戲,false
當機立斷,false
當路豺狼,false
當車螳臂,false
當門對戶,false
當頭一棒,false
當頭棒喝,false
疊床架屋,false
疑信參半,false
疲於奔命,false
疲於應命,false
疾入膏肓,false
疾者先登,false
疾聲大呼,false
疾聲遽色,false
疾言厲色,false
疾言遽色,false
疾足先得,false
疾風勁草,false
疾首痛心,false
病入膏肓,false
病在膏肓,false
病在膏髓,false
病染膏肓,false
病狂喪心,false
病風喪心,false
痛定思痛,false
痛心疾首,false
痛快淋漓,false
痛減思痛,false
痛飲黃龍,false
痴人說夢,true
痴兒說夢,false
瘦骨如柴,false
登堂入室,false
登峰造極,true
發人深省,false
發兵問罪,false
白手空拳,false
白衣蒼狗,false
白雪陽春,false
白雲蒼狗,false
白頭偕老,true
白頭到老,false
白駒過隙,false
百世流芳,false
百中百發,false
百事無成,false
百出不窮,false
百年偕老,false
百戰百勝,true
百折不回,false
百折不撓,false
百折不磨,false
百挫不折,false
百步穿楊,false
百無忌憚,false
百發百中,false
百發穿楊,false
百紫千紅,false
百結懸鶉,false
百結鶉衣,false
百計千心,false
百計千方,false
百計千謀,false
百謀千計,false
百金一諾,false
皓齒明眸,false
皓齒星眸,false
盈篇累牘,false
益壽延年,false
益壽延齡,false
益無忌憚,false
盛氣凌人,false
盛氣加人,false
盛氣臨人,false
盛氣陵人,false
盜名欺世,false
盜鐘掩耳,false
盟山誓海,false
盡善盡美,true
盡忠報國,false
盡所欲言,false
盡瘁鞠躬,false
盡美盡善,false
盤根錯節,false
目下十行,false
目不交睫,false
目不定睫,false
目不旁瞬,false
目不暇接,false
目不暇給,false
目不暇賞,false
目不暫瞬,false
目不給視,false
目不給賞,false
目不見睫,false
目不識丁,false
目不識字,false
目不轉睛,false
目不轉瞬,false
目不轉視,false
目中無人,true
目光如炬,false
目光如豆,false
目定口呆,false
目擩耳染,false
目染耳濡,false
目無全牛,false
目牛無全,false
目睜口呆,false
目睜口開,false
目瞪口呆,false
目瞪口噤,false
目秀眉清,false
目空一世,false
目空一切,false
目空四海,false
盲人摸象,true
盲人瞎馬,false
盲人說象,false
直上青雲,false
直口無言,false
直搗黃龍,false
直言厲色,false
相形見絀,false
相待如賓,false
相得恨晚,false
相得益彰,false
相得益章,false
相憐同病,false
相敬如賓,true
相濡以沫,false
相知恨晚,false
相見恨晚,false
相逢狹路,false
相遇如賓,false
相關休戚,false
省事寧人,false
眈眈虎視,false
眉彎目秀,false
眉歡眼笑,false
眉清目朗,false
眉清目秀,true
眉目清明,false
眉目清秀,false
眉花眼笑,false
眉開眼笑,true
眉飛目舞,false
眉飛色舞,true
看景生情,false
看花走馬,false
眼不識丁,false
眼不轉睛,false
眼光如炬,false
眼孔如豆,false
眼空宇宙,false
眼高手低,false
眼高手拙,false
眼高手生,false
眾人廣坐,false
眾叛親離,false
眾口爍金,false
眾口金鑠,false
眾口銷金,false
眾口鑠金,true
眾寡不敵,false
眾射之的,false
眾心如城,false
眾心成城,false
眾志成城,false
眾怨之的,false
眾散親離,false
眾望所依,false
眾望所屬,false
眾望所歸,false
眾望所積,false
眾望所集,false
眾望攸歸,false
眾望有歸,false
眾盲摸象,false
眾矢之的,false
眾腋成裘,false
睡多夢長,false
睫不得交,false
瞋目張膽,false
瞠乎其後,false
瞠乎後已,false
瞠乎後矣,false
瞠目作舌,false
瞠目撟舌,false
瞠目結舌,false
瞬息千變,false
瞬息百變,false
瞬息萬變,false
瞭如指掌,false
瞭若指掌,false
瞻前顧後,false
瞿然起敬,false
矜矜業業,false
知今博古,false
知己知彼,true
知彼知己,false
知新溫故,false
知而故犯,false
知難而退,false
短兵接戰,false
短兵相接,false
矯揉造作,false
矯枉過中,false
矯枉過正,false
矯枉過甚,false
矯枉過當,false
矯枉過直,false
矯邪歸正,false
石城湯池,false
石填大海,false
石爛松枯,false
石爛江枯,false
石爛海枯,false
石破天驚,false
砥柱中流,false
破浪乘風,false
破竹之勢,false
破釜沉舟,false
破鏡重合,false
破鏡重圓,false
碧玉小家,false
碩果不食,false
碩果僅存,false
碩果天留,false
碩果天遺,false
碩果猶存,false
磊落光明,false
磨杵作針,false
磨杵成針,false
磨踵滅頂,false
礪兵秣馬,false
礪戈秣馬,false
神光陸離,false
神出鬼入,false
神出鬼沒,false
神工鬼斧,false
神差鬼使,false
神機妙用,false
神機妙策,false
神機妙算,false
神機妙術,false
神沒鬼出,false
神術妙法,false
神術妙策,false
神術妙計,false
神謀妙策,false
神通廣大,false
神鏡高懸,false
神魂顛倒,false
禍不單行,false
禍從口出,false
禍生蕭牆,false
禍由自取,false
禍發蕭牆,false
禍稔蕭牆,false
禍結兵連,false
禍興蕭牆,false
禍起蕭牆,false
禍首罪魁,false
福地洞天,false
福至心靈,false
禮尚往來,true
禮有往來,false
禽獸衣冠,false
秀外惠中,false
秀外慧中,false
秋毫不染,false
秋毫不犯,false
秋毫無取,false
秋毫無擾,false
秋毫無犯,false
秋水芙蕖,false
秋色平分,false
秋豪無犯,false
秋風過耳,false
秣馬利兵,false
秣馬厲兵,false
秦庭朗鏡,false
秦鏡高懸,false
移天徙日,false
移天換日,false
移天易日,false
移手上下,false
移樽就教,false
移罇就教,false
移花接木,false
移風改俗,false
移風易俗,false
移風易尚,false
移風革俗,false
稍識之無,false
稠人廣眾,false
稱功頌德,false
穀馬礪兵,false
積薪居上,false
積重難反,false
積重難返,false
穎脫而出,false
穩如泰山,false
空中樓閣,false
空前絕後,true
空囊如洗,false
空囊羞澀,false
空拳赤手,false
空有其表,false
空穴來風,false
空空妙手,false
空腹便便,false
空谷之音,false
空谷足音,false
空谷跫然,false
穿楊百步,false
穿金戴銀,false
穿鑿傅會,false
穿鑿附會,true
窮兵極武,false
窮兵黷武,false
窮途末路,false
窺豹一斑,false
竊位素餐,false
竊竊偶語,false
竊竊私語,true
竊鈴掩耳,false
竊鐘掩耳,false
立命安身,false
立竿見影,false
立錐之土,false
立錐之地,false
立馬萬言,false
竭水搏魚,false
竭澤而漁,false
端人君子,false
端本正源,false
端本澄源,false
端然無恙,false
笑中有刀,false
笑容可掬,false
笑裡藏刀,true
笑逐顏開,false
筆力透背,false
筆誅口伐,false
等量齊觀,false
箕裘不墜,false
箕裘之紹,false
箕裘相繼,false
管中窺豹,false
管中闚天,false
管窺蠡測,false
節上生枝,false
節外生事,false
節外生枝,false
節流開源,false
節縮衣食,false
節衣縮食,false
節食縮衣,false
簇錦攢花,false
簞食壺漿,false
簞食瓢飲,false
籲地呼天,false
米珠薪桂,false
粉墨登場,false
粗枝大葉,false
粗株大葉,false
粗茶淡飯,true
粗識之無,false
粘花惹草,false
精心孤詣,false
精忠報國,false
精思熟慮,false
精益求精,true
精禽填海,false
精衛塞海,false
精衛填海,false
精衛銜木,false
精衛銜石,false
精衛銜薪,false
約法三章,false
納善如流,false
紙上談兵,false
紙上譚兵,false
紙上躍然,false
紙貴洛城,false
紙貴洛陽,false
紙醉金迷,false
紛至沓來,false
素餐尸位,false
累卵之危,false
累牘連篇,false
細水長流,false
紹往開來,false
終于正寢,false
終南捷徑,false
結舌瞠目,false
結草啣環,false
結草銜環,false
絕人意表,false
絕倫逸群,false
絕後空前,false
絕無僅有,true
絕禍未萌,false
絕薪止火,false
絕類離倫,false
絡繹不絕,true
絡驛不絕,false
絲連藕斷,false
經綸滿腹,false
綢繆未雨,false
綱提領挈,false
綱舉目張,false
網漏吞舟,false
網開一面,false
網開三面,false
綵筆生花,false
綺襦玉食,false
綽綽有裕,false
綽綽有餘,false
緘口如瓶,false
緣木希魚,false
緣木求魚,true
緩步代車,false
緩步當車,false
縮手旁觀,false
縮衣節口,false
縮衣節食,false
縱心所欲,false
縱虎入室,false
縱虎歸山,false
縱過飾非,false
繁文末節,false
繁文縟禮,false
繁文縟節,false
繞梁之音,false
繡口錦心,false
繫肚牽腸,false
繫風捕影,false
繼往開來,true
繼晷焚膏,false
纖塵不染,false
罄竹難書,false
罔知所措,false
罪不容宥,false
罪不容恕,false
罪不容誅,false
罪惡貫盈,false
罪豈容誅,false
罪逆不道,false
罪魁禍首,false
置之度外,false
置之身外,false
置之高閣,false
置腹推心,false
置若勿聞,false
置若罔聞,true
置身無地,false
置錐之地,false
罷於奔命,false
羅雀門庭,false
羊質虎皮,false
美不勝收,true
美不勝錄,false
美中不足,false
美事多磨,false
美奐美輪,false
美輪美奐,false
羞共戴天,false
羞惱成怒,false
羞澀囊空,false
羞花閉月,false
群口鑠金,false
群策群力,false
群龍无首,false
群龍無首,false
羨魚結網,false
義不反顧,false
義不同戴,false
義不容卻,false
義不容辭,false
義不得辭,false
義切辭嚴,false
義憤填胸,false
義憤填膺,true
義正詞嚴,false
義正辭嚴,false
義無反顧,false
義無所辭,false
義無返顧,false
義盡仁至,false
羽毛未豐,false
翔龍舞鳳,false
翦草除根,false
翫兵黷武,false
翻天作地,false
翻天攪地,false
翻天覆地,false
翻覆無常,false
翻陳出新,false
翻雲覆雨,false
翼翼小心,false
耀武揚威,false
老儒常語,false
老奸巨猾,false
老姦大猾,false
老姦巨猾,false
老嫗能解,false
老成持重,false
老氣橫秋,false
老生常談,false
老生常譚,false
老當益壯,false
老羞成怒,false
老羞變怒,false
老而彌壯,false
老而益壯,false
老蚌出珠,false
老蚌生珠,false
老謀深算,false
老馬知道,false
老馬識塗,false
老馬識途,false
老驥伏櫪,false
考終正寢,false
耳提面命,false
耳染目濡,false
耳濡目染,true
耳熟能詳,false
耳目一新,false
耳目更新,false
耳目濡染,false
耳紅面赤,false
耳鬢廝磨,false
耿耿丹心,false
聊應故事,false
聚會精神,false
聚沙之塔,false
聚沙成塔,false
聚沙為塔,false
聚精會神,true
聞一知十,false
聞雞起舞,false
聞風披靡,false
聲名狼籍,false
聲名狼藉,false
聲吞氣忍,false
聲東擊西,false
聲淚俱下,false
聲淚俱咽,false
聲淚俱發,false
聲色不動,false
聲色俱厲,false
聲西擊東,false
聲遏行雲,false
聳人聽聞,false
聳動聽聞,false
聽天任命,false
聽天所命,false
聽天由命,false
肅然增敬,false
肅然生敬,false
肅然起敬,false
肅襟危坐,false
肆無忌憚,false
肉圃酒池,false
肉林酒池,false
肉袒負荊,false
肉跳心驚,false
肌無完膚,false
肘捉衿見,false
肝心塗地,false
肝腦塗地,false
肝膽塗地,false
肝膽相照,true
肝膽相見,false
肩勞任怨,false
肩摩袂屬,false
肩摩踵接,false
肺肝相照,false
背井離鄉,false
背恩忘義,false
背本趨末,false
背本逐末,false
背水一戰,false
背生芒刺,false
背若芒刺,false
背車而馳,false
背道而行,false
背道而馳,true
背邪向正,false
背馳於道,false
胡作亂為,false
胡作非為,false
胡思亂想,false
胡思亂量,false
胡為亂做,false
胸中無墨,false
胸有成竹,false
胸無點墨,false
脣亡齒寒,false
脣槍舌劍,false
脫口成章,false
脫殼金蟬,false
脫略形骸,false
脫穎而出,false
脫胎換骨,false
脫胎換體,false
腦滿腸肥,false
腰纏十萬,false
腰纏萬貫,true
腳忙手亂,false
腳踏實地,true
腳踹實地,false
腸肥腦滿,false
腹劍口蜜,false
腹劍舌糖,false
腹心之患,false
腹心之憂,false
腹心之疾,false
腹心相照,false
腹無點墨,false
腹背受敵,false
腹載五車,false
膠柱調瑟,false
膠柱鼓瑟,false
膽喪心驚,false
膽戰心驚,true
膽戰魂驚,false
膽氣凌雲,false
膽氣橫秋,false
膽顫心驚,false
膽驚心戰,false
膽驚心顫,false
膾炙一時,false
膾炙人口,true
膾炙天下,false
膾炙海內,false
臉紅耳赤,false
臥旗息鼓,false
臥薪嘗膽,true
臥鼓偃旗,false
臨噎掘井,false
臨崖勒馬,false
臨川羨魚,false
臨機應變,false
臨河欲魚,false
臨河羨魚,false
臨深履冰,false
臨深履薄,false
臨淵之羨,false
臨淵履冰,false
臨淵結網,false
臨淵羨魚,false
臨渴之掘,false
臨渴掘井,false
臨渴穿井,false
自以為是,true
自作自受,true
自保不暇,false
自出心裁,false
自出機杼,false
自同寒蟬,false
自命不凡,false
自命非凡,false
自固不暇,false
自宵達旦,false
自強不息,false
自彊不息,false
自怨自艾,false
自慚形穢,false
自成機杼,false
自投羅網,false
自救不暇,false
自暴自棄,false
自棄自暴,false
自欺欺人,false
自相矛盾,true
自覺形穢,false
自負不凡,false
自起爐灶,false
自開生面,false
自顧不暇,false
自食其力,false
至公無私,false
至言不繁,false
與狐謀皮,false
與狐議裘,false
與虎謀皮,false
興師問罪,false
興師見罪,false
興高彩烈,false
興高采烈,true
舉一反三,true
舉案齊眉,false
舉棋不定,false
舉目無依,false
舉目無親,false
舉眼無親,false
舉綱持領,false
舉足輕重,false
舉軍盡沒,false
舉隅反三,false
舊態復萌,false
舌劍脣鎗,false
舍本事末,false
舍本務末,false
舍本即末,false
舍本問末,false
舍本理末,false
舍本逐末,false
舍生取義,false
舍生取誼,false
舞弄文墨,false
舞文巧法,false
舞文弄墨,false
舞文弄法,false
舞文玩法,false
舞爪張牙,false
良莠不一,false
良莠不分,false
良莠不齊,false
良莠淆雜,false
良藥苦口,false
色厲內荏,false
色舞眉飛,false
色色形形,false
色飛眉舞,false
芒刺在背,false
芒刺在躬,false
芙蓉出水,false
花唇巧舌,false
花嘴花舌,false
花團錦簇,false
花天酒地,false
花攢錦簇,false
花明柳暗,false
花枝招展,false
花枝招颭,false
花添錦上,false
花移木接,false
花簇錦攢,false
花言巧語,true
花閉月羞,false
花香鳥語,false
花香鳥鳴,false
苗而不秀,false
苗而不穗,false
苗而未秀,false
苞藏禍心,false
苟且偷安,false
若出一轍,false
若喪考妣,false
若無其事,true
若釋重負,false
苦口婆心,true
苦心孤詣,false
苦心積慮,false
苦盡甘來,false
苦盡甜來,false
苦節高標,false
英雄氣短,false
英雄短氣,false
茅塞頓啟,false
茅塞頓開,true
茅廬三顧,false
草廬三顧,false
草木皆兵,true
草率了事,false
草草了事,false
草菅人命,false
荒謬絕倫,false
莫可奈何,false
莫可救藥,false
莫展一籌,false
莫措手足,false
莫知所措,false
莫知適從,false
莫能為力,false
莫衷一是,true
莫逆之交,true
莫逆之友,false
莫逆之契,false
莫適所從,false
華而不實,false
華而少實,false
菽麥不分,false
萍水相交,false
萍水相值,false
萍水相逢,true
萍水相遇,false
萍水相遭,false
萬世一時,false
萬事無成,false
萬劫不復,false
萬化千變,false
萬千氣象,false
萬年遺臭,false
萬死一生,false
萬水千山,false
萬籟俱寂,true
萬籟俱息,false
萬籟俱空,false
萬籟無聲,false
萬紅千紫,false
萬紅千翠,false
萬紫千紅,false
萬緒千端,false
萬緒千頭,false
萬象包羅,false
萬象更新,true
萬貫纏腰,false
萬貫腰纏,false
萬里鵝毛,false
萬里鵬程,false
萬頭千緒,false
萬馬千軍,false
落井下石,true
落筆成章,false
落花流水,false
落葉歸根,false
落葉知秋,false
落雁沉魚,false
落鴈沉魚,false
葉公好龍,false
葉落歸根,false
葉落知秋,false
葫蘆依樣,false
葫蘆畫樣,false
蒂固根深,false
蒸蒸日上,true
蒸蒸日盛,false
蒼狗白衣,false
蒼狗白雲,false
蓄精養銳,false
蓋棺論定,false
蓬屋生輝,false
蓬戶增光,false
蓬甕生輝,false
蓬蓽增輝,false
蓬蓽生光,false
蓬蓽生輝,false
蓬頭垢面,false
蓬首垢面,false
蕭牆之變,false
蕭牆禍起,false
蕭規曹隨,false
薪桂米珠,false
藍田出玉,false
藍田生玉,false
藏頭露尾,false
藕斷絲聯,false
藕斷絲連,true
虎口殘生,false
虎口逃生,false
虎口餘生,false
虎威狐假,false
虎狼當路,false
虎皮羊質,false
虎穴得子,false
虎穴龍潭,false
虎窟龍潭,false
虎視眈眈,false
虎踞龍盤,false
虎踞龍蟠,false
虎踞龍蹲,false
虎頭蛇尾,true
虎頭鼠尾,false
處安思危,false
處心積慮,false
虛作聲勢,false
虛張形勢,false
虛張聲勢,true
虛應故事,false
虛懷若谷,false
虛文故事,false
虛有其表,false
虛與委蛇,false
虛行故事,false
虧於一簣,false
蚍蜉撼木,false
蚍蜉撼樹,false
蛇影杯弓,false
蛛絲馬跡,true
蜀犬吠日,false
蜃樓海市,false
蜚流之言,false
蜜口劍腹,false
融會貫通,true
螗螂之臂,false
螳臂拒輪,false
螳臂當車,false
螳螂捕蟬,false
螳螂當車,false
螳螂黃雀,false
蟠根錯節,false
蟠龍踞虎,false
蟲篆小技,false
蠡測管窺,false
蠢若木雞,false
蠢蠢欲動,false
血氣方剛,false
血氣方壯,false
血氣方盛,false
血流漂杵,false
行將就木,false
行尸坐肉,false
行尸走肉,false
行尸走骨,false
行屍視肉,false
行屍走肉,false
行空天馬,false
行雲流水,false
街談巷語,false
街談巷說,false
街談巷諺,false
街談巷議,false
街譚巷議,false
衝口成章,false
衡陽紙貴,false
衣冠楚楚,false
衣冠沐猴,false
衣冠濟楚,false
衣冠濟濟,false
衣冠禽獸,false
衣冠齊楚,false
衣帶一江,false
衣裳楚楚,false
衣豐食足,false
衣豐食飽,false
衣錦之榮,false
衣錦故鄉,false
衣錦榮歸,false
衣錦過鄉,false
衣錦還鄉,false
衰當益壯,false
袁宏倚馬,false
袖手傍觀,false
袖手旁觀,true
袖手無策,false
補殘守缺,false
裝模作樣,false
裝模做樣,false
裝腔作勢,false
裝腔做勢,false
裹尸馬革,false
裹足不前,false
裹足不進,false
襟捉肘露,false
襲人牙後,false
襲人牙慧,false
西山日薄,false
西山日迫,false
西食東眠,false
要言不煩,false
覆地翻天,false
覆水難收,false
覆雨翻雲,false
見仁見智,false
見仁見知,false
見利忘害,false
見利忘義,false
見噎廢食,false
見少怪多,false
見慣司空,false
見景生情,false
見獵心喜,false
見異思遷,false
見異而遷,false
見笑大方,false
見義勇往,false
見義勇為,true
見義勇發,false
見義喜為,false
見義敢為,false
覓柳尋花,false
視死如歸,false
視死若歸,false
親痛仇快,false
親離眾叛,false
覺我形穢,false
觀止之嘆,false
觀隅三反,false
解紛排難,false
解絃更張,false
解衣推食,false
觸景生情,false
觸景生懷,false
觸目崩心,false
觸目駭心,false
觸目驚心,false
觸而即發,false
觸面崩心,false
觸類可通,false
觸類旁通,false
觸類而長,false
言不由中,false
言不由衷,true
言之有物,false
言人人殊,false
言何容易,false
言從計行,false
言淚俱下,false
言無倫次,false
言笑不苟,false
言簡意深,false
言簡意該,false
言簡意賅,false
言簡意足,false
言聽計從,false
言聽計用,false
言聽計行,false
言若懸河,false
言行計從,false
言過其實,false
言類懸河,false
計深慮遠,false
計較錙銖,false
託公報私,false
訛以傳訛,false
設心積慮,false
設身處地,true
詞嚴理正,false
詞嚴義正,false
詞簡意備,false
詠月嘲風,false
誓山盟海,false
誓海盟山,false
語無倫次,false
誤學邯鄲,false
說梅止渴,false
調虎離山,false
調高和寡,false
談何容易,false
談虎色變,false
談過其實,false
請君入甕,false
論定棺蓋,false
諱惡不悛,false
諱疾忌醫,false
諱莫如深,false
謀深慮遠,false
譁世取寵,false
譁眾取寵,false
識塗老馬,false
識途老馬,false
護疾忌醫,false
護過飾非,false
變本加厲,false
變起蕭牆,false
變風改俗,false
變風易俗,false
豁然貫通,false
豁然開朗,true
豁達大度,false
豈念舊惡,false
豈有是理,false
豈有此理,false
豐衣美食,false
豐衣足食,true
豐食美衣,false
豢虎貽殃,false
豪奪巧取,false
豺狼塞路,false
豺狼橫道,false
豺狼當塗,false
豺狼當路,false
豺狼當道,false
貞風亮節,false
負德忘恩,false
負義忘恩,false
負老提幼,false
負老攜幼,false
負荊請罪,true
負薪救火,false
負重致遠,false
貪小失大,false
貪贓壞法,false
貪贓枉法,false
貪高務遠,false
貫通融會,false
責備求全,false
責無旁貸,false
貴手高抬,false
買櫝還珠,true
費半功倍,false
貽笑大方,false
賓朋滿座,false
賓至如歸,false
賞心悅目,false
賞心愜目,false
赤地千里,false
赤子之心,false
赤手空拳,false
走投沒路,false
走投無路,false
走筆成文,false
走筆成章,false
走頭沒路,false
走頭無路,false
走馬看花,true
走馬觀花,false
走骨行屍,false
赴死如歸,false
赴湯投火,false
赴湯跳火,false
赴湯蹈火,true
赴蹈湯火,false
赴險如夷,false
赴難如歸,false
起死回生,false
起死回骸,false
起死迴生,false
起爐作灶,false
趁水推舟,false
趁火打劫,true
超人意表,false
超倫軼群,false
超前絕後,false
超群絕倫,false
超類絕倫,false
越俎代庖,false
越庖代俎,false
趨其所好,false
趨權附勢,false
趨炎奉勢,false
趨炎附勢,false
趨炎附灶,false
趨炎附熱,false
足履實地,false
足踏實地,false
足蹈手舞,false
足音跫然,false
足食豐衣,false
足高氣揚,false
趾昂氣粗,false
趾高氣揚,true
跋扈飛揚,false
跌而不振,false
跫然之音,false
跫然足音,false
跬步不離,false
路不拾遺,false
路無拾遺,false
跳躍紙上,false
踞虎盤龍,false
踣不復振,false
蹈湯赴火,false
蹈矩循規,false
蹈規循矩,false
蹈赴湯火,false
躁動輕舉,false
躊躇滿志,false
躍然紙上,false
躍躍欲試,false
躍躍紙上,false
身力行之,false
身心力行,false
身敗名裂,false
身敗名隳,false
身無完膚,false
身無寸鐵,false
身無長物,false
身體力行,false
身體力驗,false
車水馬龍,true
車載斗量,false
軍不血刃,false
軒昂氣宇,false
軒然大波,false
較量錙銖,false
載塗怨讟,false
載量車斗,false
輕描淡寫,false
輕描淡染,false
輕而易舉,false
輕舉妄動,false
輕諾寡信,false
輕車熟路,false
輝生蓬蓽,false
輪奐之美,false
輾轉反側,false
轉意回心,false
轉輾反側,false
辟君三舍,false
辭嚴氣正,false
辭嚴義正,false
辭淚俱下,false
辭色俱厲,false
辯同河瀉,false
辯如懸河,false
迎刃以解,false
迎刃冰解,false
迎刃而判,false
迎刃而解,true
近墨者黑,true
近悅遠來,false
近朱者赤,false
近水樓臺,false
近硃者赤,false
返照回光,false
返老歸童,false
返老還童,false
迥乎不同,false
迥然不侔,false
迥然不同,false
迫不及待,false
迫如星火,false
迴光反照,false
迴光返照,true
迴喪起死,false
迴山倒海,false
迴山轉海,false
迷離撲朔,false
退徙三舍,false
退避三舍,false
逃之夭夭,false
逆來順受,false
逆境順受,false
逆施倒行,false
逆耳之言,false
逆耳忠言,false
逆行倒施,false
逍遙法外,false
透古通今,false
逐末捨本,false
逐末遺本,false
逐浪隨波,false
逐臭之夫,false
途窮日暮,false
途遙日暮,false
通今博古,false
通宵徹夜,false
通宵徹晝,false
通宵達旦,false
通時達變,false
通權達變,false
造極登峰,false
造車合轍,false
逢場作戲,false
逢場作樂,false
逢場遊戲,false
連城之價,false
連天烽火,false
連宵達旦,false
連珠合璧,false
連篇累冊,false
連篇累帙,false
連篇累幀,false
連篇累幅,false
連篇累牘,false
進退維谷,false
逸以待勞,false
逼上梁山,false
逼人咄咄,false
遇人不淑,false
遊刃有餘,false
遊魚在鼎,false
運籌帷幄,false
過市招搖,false
過望之喜,false
過橋抽板,false
過橋拆橋,false
過河拆橋,false
過猶不及,false
過自菲薄,false
過隙之駒,false
過隙白駒,false
遏斷行雲,false
道不拾遺,false
道不由衷,false
道合志同,false
道同志合,false
道聽塗說,true
道聽途傳,false
道聽途說,false
道貌凜然,false
道貌岸然,false
道遠任重,false
道遠日暮,false
達旦通宵,false
達權應變,false
達權知變,false
達權通變,false
遠慮深謀,false
適可而止,false
遮人眼目,false
遮人耳目,false
遺珠滄海,false
遺臭千年,false
遺臭萬世,false
遺臭萬代,false
遺臭萬年,false
遺臭萬載,false
避君三舍,false
避重就輕,false
避重逐輕,false
還珠合浦,false
還珠買櫝,false
還童返少,false
還童返老,false
還魂起死,false
邊幅不修,false
邯鄲一枕,false
邯鄲之步,false
邯鄲匍匐,false
邯鄲學步,true
邯鄲故步,false
郢書燕說,false
都中紙貴,false
鄉壁虛造,false
鄰國之壑,false
鄰國為壑,false
酒囊飯袋,true
酒地花天,false
酒池肉林,false
酒海花天,false
酒瓮飯囊,false
酣鴆止渴,false
醉生夢死,false
醉翁之意,false
釁發蕭牆,false
釁起蕭牆,false
釋生取義,false
里談巷議,false
重整旗鼓,false
重望碩德,false
重泉之下,false
重泉幽壤,false
重睹天日,false
重見天日,false
野人奏曝,false
野人獻曝,false
野心勃勃,false
金城湯池,false
金屋藏嬌,false
金屋貯嬌,false
金屏之選,false
金屏選中,false
金戈鐵甲,false
金戈鐵馬,false
金戈鐵騎,false
金科玉律,false
金科玉條,false
金蟬脫殼,false
金迷粉醉,false
金迷紙醉,false
金銷眾口,false
釜底抽薪,true
針芥相投,false
針鋒相對,true
針鋒相投,false
釣名欺世,false
釣名沽譽,false
釣譽沽名,false
鉤心鬥角,false
銀花火樹,false
銖銖校量,false
銖銖較量,false
銘功頌德,false
銘心刻骨,false
銘心鏤骨,false
銜沙填海,false
銜泣吞聲,false
銜環結草,false
銜石冤禽,false
銜石填海,false
銜聲茹氣,false
銳不可當,false
銳未可當,false
銷患未然,false
銷難解紛,false
鋌而走險,false
鋒不可當,false
錙銖必較,false
錙銖較量,false
錦上添花,true
錦上鋪花,false
錦囊妙計,false
錦團花簇,false
錦心繡口,false
錦心繡腑,false
錦心繡腸,false
錦心繡腹,false
錦簇花團,false
錦繡心腸,false
錦腸繡舌,false
錦衣玉食,true
錦衣肉食,false
錯節盤根,false
鍥而不舍,false
鍥而弗舍,false
鍼鋒相對,false
鏡像水月,false
鏡花水月,false
鏤心刻骨,false
鏤骨銘心,false
鐘鳴鼎食,false
鐵心石腸,false
鐵打心腸,false
鐵石之心,false
鐵石心肝,false
鐵石心腸,true
鐵腸石心,false
鐵面無私,true
鐵馬金戈,false
鑄成大錯,false
鑠金眾口,false
鑿空指鹿,false
長惡不悛,false
長袖善舞,false
長風破浪,false
長驅徑入,false
長驅深入,false
長驅直入,false
長驅直突,false
長驅而入,false
門前如市,false
門可張羅,false
門可羅雀,true
門庭如市,false
門庭若市,true
門戶匹敵,false
門當戶對,false
閉口無言,false
閉戶斲輪,false
閉月羞花,true
閉造出合,false
閉門造車,true
開卷有得,false
開卷有益,false
開宗明義,false
開布誠信,false
開源節流,false
開誠布公,false
開門延盜,false
開門揖盜,false
開門納寇,false
開門納狼,false
開門納賊,false
開門見山,false
闇度陳倉,false
闊論高談,false
阮囊羞澀,false
防微慮萌,false
防微杜漸,false
防患未然,false
防意如城,false
防禍未然,false
防萌杜漸,false
阿其所好,false
附勢趨權,false
附和隨聲,false
附翼攀鱗,false
附鳳攀龍,false
除患未然,false
除根翦草,false
陳倉暗度,false
陳陳相因,false
陸離光怪,false
陽奉陰忮,false
陽奉陰違,true
陽春白雪,true
隋珠暗投,false
隔岸觀火,true
隔靴之搔,false
隔靴抓痒,false
隔靴抓癢,false
隔靴搔痒,false
隔靴搔癢,false
隙過白駒,false
隨人步趨,false
隨勢應變,false
隨寓而安,false
隨寓隨安,false
隨心所欲,false
隨時制宜,false
隨機制變,false
隨機應變,false
隨波同流,false
隨波漂流,false
隨波逐塵,false
隨波逐流,true
隨波逐浪,false
隨症用藥,false
隨聲趨和,false
隨聲附和,false
隨聲響和,false
隨遇而安,true
隨風而靡,false
隱名埋姓,false
隱天動地,false
隱姓埋名,false
隱惡揚善,false
隱惡揚美,false
隱躍紙上,false
隳肝瀝膽,false
隻影自憐,false
隻手遮天,false
雀屏中目,false
雀屏中選,false
雀屏之選,false
集思廣益,false
集思廣議,false
集翠成裘,false
集腋成裘,false
集腋為裘,false
雌黃信口,false
雕蟲小技,false
雕蟲篆刻,false
雙瞳如豆,false
雙管齊下,false
雙雕一箭,false
雞犬不寧,true
雞犬無寧,false
雞皮鶴髮,false
雞群之鶴,false
雞群鶴立,false
雞膚鶴髮,false
雞鳴狗盜,true
雞鳴起舞,false
離鄉別井,false
離鄉背井,false
離鄉避井,false
難以枚舉,false
難兄難弟,false
難弟難兄,false
難能可貴,false
難起蕭牆,false
雨後春筍,false
雨覆雲翻,false
雨順風調,false
雪上加霜,true
雪中之炭,false
雪中送炭,true
雪月風花,false
雪泥鴻爪,false
雪裡送炭,false
雪風花月,false
雲翻雨覆,false
雲驥行空,false
零丁孤苦,false
雷動風行,false
雷厲風行,true
雷厲風飛,false
雷霆之怒,false
雷霆萬鈞,false
雷鳴瓦釜,false
電捲風馳,false
電掣風馳,false
震天動地,false
露出馬腳,false
露尾藏頭,false
露爪張牙,false
露肘捉襟,false
露面拋頭,false
霸道橫行,false
霽月光風,false
青出於藍,true
青梅竹馬,true
青臉獠牙,false
青過於藍,false
青雲平地,false
青雲平步,false
青雲直上,false
青霄直上,false
青面獠牙,false
青黃不交,false
青黃不接,false
青黃未接,false
靜氣平心,false
非馬非驢,false
非驢非馬,false
靡微不周,false
靡靡之樂,false
靡靡之聲,false
靡靡之音,false
靡靡之響,false
面命耳提,false
面垢頭蓬,false
面紅耳熱,false
面紅耳赤,false
面紅過耳,false
面紅面赤,false
面紅頸赤,false
面能乾唾,false
面面俱到,false
面面俱圓,false
面面廝覷,false
面面皆到,false
面面相窺,false
面面相覷,false
革面洗心,false
鞠躬盡瘁,false
鞭不及腹,false
鞭擗向裡,false
鞭約近裡,false
鞭辟入裡,false
鞭辟著裡,false
鞭辟近裡,false
鞭長莫及,false
韋編三絕,false
韋編屢絕,false
響遏行雲,false
頃刻萬變,false
順手牽羊,true
順水推舟,true
順水推船,false
順水放船,false
順水流舟,false
順水行舟,false
頑冥不靈,false
頑石點頭,false
頓口無言,false
頓開茅塞,false
領異拔新,false
頭焦額爛,false
頭蓬面垢,false
頭藏尾露,false
頭頭是道,false
題外生枝,false
額手稱慶,false
額手稱頌,false
願拜下風,false
顛撲不破,false
顛撲不磨,false
顛沛流離,false
顛簸不破,false
類是而非,false
顧名思義,false
顧小失大,false
顧影自憐,false
顧後瞻前,false
顧此失彼,false
風休浪靜,false
風光月霽,false
風光霽月,false
風吹草動,false
風吹過耳,false
風塵僕僕,false
風平浪靜,true
風櫛雨沐,false
風波平地,false
風燭殘年,false
風移俗改,false
風移俗易,false
風移俗變,false
風聲鶴唳,false
風花雪月,false
風行雷厲,false
風調雨節,false
風調雨順,false
風雨滿城,false
風雨漂搖,false
風雨調順,false
風雨飄搖,false
風雨飄颻,false
風雲叱咤,false
風靜浪平,false
風飛雷厲,false
風馬不接,false
風馳電捲,false
風馳電掣,false
風馳電掩,false
風馳電擊,false
風馳電赴,false
風馳電逝,false
風馳電邁,false
風驚草動,false
飄風過耳,false
飛揚跋扈,false
飛鴻印雪,false
飛鴻雪爪,false
飛黃騰踏,false
飛黃騰達,true
食古不化,false
食浮於人,false
食玉炊桂,false
食生不化,false
食言而肥,false
飢不擇食,false
飢寧擇食,false
飯囊酒瓮,false
飯囊酒甕,false
飯坑酒囊,false
飯玉炊桂,false
飲氣吞聲,false
飲水思源,true
飲水知源,false
飲流懷源,false
飲鴆救渴,false
飲鴆止渴,false
飽食豐衣,false
飾外絮內,false
飾非文過,false
養尊處優,false
養精蓄銳,false
養虎留患,false
養虎貽患,false
養虎遺患,false
餘妙繞梁,false
餘音嫋嫋,false
餘音繞梁,true
餘響遶梁,false
饑不擇食,false
饑者無擇,false
首屈一指,false
首施兩端,false
首為屈指,false
首鼠兩端,false
香憐玉惜,false
馬耳春風,false
馬耳東風,false
馬耳秋風,false
馬跡蛛絲,false
馬革裹尸,false
馬革裹屍,false
馬首前瞻,false
馬首是瞻,false
馬龍車水,false
馮河暴虎,false
馳風掣電,false
馳驥過欞,false
駑馬十舍,false
駑馬十駕,false
駕輕就熟,false
駭人聞聽,false
駭人聞見,false
駭人聽聞,false
駭人視聽,false
駭浪驚濤,false
駭目驚心,false
駱驛不絕,false
駿馬加鞭,false
騎虎難下,false
騰踏飛黃,false
驚人一鳴,false
驚喜過望,false
驚天動地,false
驚弓之鳥,true
驚弦之鳥,false
驚心動魄,false
驚心駭矚,false
驚波駭浪,false
驚濤駭浪,true
驚蛇打草,false
驚風駭浪,false
驚魂動魄,false
驢心狗肺,false
驥老伏櫪,false
驩欣鼓舞,false
骨瘦如柴,false
骨瘦如豺,false
體恤入微,false
體無完皮,false
體無完肌,false
體無完膚,false
體物入微,false
體貼入妙,false
體貼入微,false
高下其手,false
高山流水,false
高懸明鏡,false
高懸秦鏡,false
高抬貴手,false
高朋滿座,false
高枕不虞,false
高枕勿憂,false
高枕安寢,false
高枕安臥,false
高枕無憂,false
高枕無虞,false
高枕而臥,false
高檯明鏡,false
高瞻遠矚,false
高節清風,false
高臺明鏡,false
高談闊論,false
高譚清論,false
高風亮節,false
高風勁節,false
高風大節,false
高風峻節,false
高風苦節,false
髮上衝冠,false
髮引千鈞,false
鬥角鉤心,false
鬼使神差,false
鬼出神入,false
鬼斧神工,true
鬼鬼祟祟,false
魂不著體,false
魂不附體,false
魂銷魄散,false
魂飄魄散,false
魂飛膽喪,false
魂飛魄散,true
魄散魂飛,false
魚得忘筌,false
魚水相得,false
魚池之殃,false
魚沈鴈落,false
魚沉鴈落,false
魚游沸釜,false
魚游沸鼎,false
魚游釜中,false
魚游釜底,false
魚目亂珠,false
魚目入珠,false
魚目混珍,false
魚目混珠,true
魚目為珠,false
魚遊沸鼎,false
魚遊釜中,false
魚遊釜內,false
魚遊釜底,false
魯魚亥豕,false
魯魚帝虎,false
鮮廉寡恥,false
鮮得要領,false
鳥盡弓藏,false
鳥語花香,true
鳳毛麟甲,false
鳳毛麟角,true
鳳舞龍飛,false
鳴鍾列鼎,false
鳴鐘列鼎,false
鴉雀無聞,false
鴉雀無聲,true
鴉鵲無聲,false
鴉默雀靜,false
鴻案相莊,false
鴻泥雪爪,false
鴻爪雪泥,false
鴻鵠之志,false
鵬程萬里,true
鵬霄萬里,false
鶉衣百結,false
鶴唳風聲,false
鶴立雞群,true
鶴處雞群,false
鶴髮雞皮,false
鶻崙吞棗,false
鷸蚌相危,false
鷸蚌相持,false
鷸蚌相爭,true
鷸蚌相鬥,false
鹿死誰手,false
麕至沓來,false
麟角鳳毛,false
麤枝大葉,false
麻木不仁,false
麻痺不仁,false
黃梁一枕,false
黃粱一夢,false
黃花明日,false
黃袍加身,false
黃袍加體,false
黃鐘毀棄,false
黃鐘長棄,false
黃雀伺蟬,false
黔驢之伎,false
黔驢之技,false
黔驢技盡,false
黔驢技窮,false
默化潛移,false
黨同伐異,false
黷武窮兵,false
鼎食鳴鐘,false
鼓旗相當,false
鼓舞歡忻,false
鼓舞歡欣,false
鼠心狼肺,false
齊心戮力,false
齊眉舉案,false
齊量等觀,false
齊驅並駕,false
齊驅並驟,false
龍淵虎穴,false
龍潭虎穴,false
龍潭虎窟,false
龍盤虎踞,false
龍翔鳳舞,false
龍蟠虎踞,false
龍蟠鳳舞,false
龍飛鳳舞,true
龍馬行天,false
龐然大物,false
